id,level,module,chapter,activity_type,title,context,prompt,sentence,choices,correct_answer,explanation_fr,explanation_en,common_mistake_fr,extra_example_fr,tags,difficulty,estimated_minutes
a2-present-review-001,A2,Bases utiles,Présent essentiel,quiz,Choisir le verbe au présent,quotidien,Choisis la bonne forme du verbe.,Je ___ à Montréal.,"[""habite"", ""habites"", ""habiter"", ""habitons""]",habite,"Avec « je », le verbe « habiter » prend la forme « habite ».","With “je”, the verb is “habite”.",« habites » s’utilise avec « tu ».,J’habite près du métro.,"[""présent"", ""verbes fréquents""]",1,2
a2-present-review-002,A2,Bases utiles,Présent essentiel,quiz,Choisir le verbe au présent,quotidien,Choisis la bonne forme du verbe.,Tu ___ le français tous les jours.,"[""pratiques"", ""pratique"", ""pratiquer"", ""pratiquons""]",pratiques,"Avec « tu », on ajoute souvent -s au présent: tu pratiques.","With “tu”, many present-tense verbs take -s.",« pratique » s’utilise avec « je » ou « il/elle ».,Tu pratiques à la maison.,"[""présent"", ""verbes fréquents""]",1,2
a2-present-review-003,A2,Bases utiles,Présent essentiel,quiz,Choisir le verbe au présent,quotidien,Choisis la bonne forme du verbe.,Elle ___ au cégep.,"[""étudie"", ""étudies"", ""étudier"", ""étudions""]",étudie,"Avec « elle », on utilise « étudie ».","With “elle”, use “étudie”.",« étudies » s’utilise avec « tu ».,Elle étudie le soir.,"[""présent"", ""verbes fréquents""]",1,2
a2-present-review-004,A2,Bases utiles,Présent essentiel,quiz,Choisir le verbe au présent,quotidien,Choisis la bonne forme du verbe.,Nous ___ un exercice.,"[""faisons"", ""faites"", ""font"", ""faire""]",faisons,"Avec « nous », le verbe « faire » devient « faisons ».","With “nous”, faire becomes “faisons”.",« faites » s’utilise avec « vous ».,Nous faisons un test.,"[""présent"", ""verbes fréquents""]",1,2
a2-present-review-005,A2,Bases utiles,Présent essentiel,quiz,Choisir le verbe au présent,quotidien,Choisis la bonne forme du verbe.,Vous ___ une question.,"[""posez"", ""poses"", ""posent"", ""poser""]",posez,"Avec « vous », on utilise souvent la terminaison -ez: vous posez.","With “vous”, many verbs end in -ez.",« poses » s’utilise avec « tu ».,Vous posez une bonne question.,"[""présent"", ""verbes fréquents""]",1,2
a2-present-review-006,A2,Bases utiles,Présent essentiel,quiz,Choisir le verbe au présent,quotidien,Choisis la bonne forme du verbe.,Ils ___ au travail.,"[""vont"", ""va"", ""allez"", ""aller""]",vont,"Avec « ils », le verbe « aller » devient « vont ».","With “ils”, aller becomes “vont”.",« va » s’utilise avec « il/elle ».,Ils vont au bureau.,"[""présent"", ""verbes fréquents""]",1,2
a2-present-review-007,A2,Bases utiles,Présent essentiel,quiz,Choisir le verbe au présent,quotidien,Choisis la bonne forme du verbe.,Je ___ deux enfants.,"[""ai"", ""as"", ""a"", ""avons""]",ai,"Avec « je », le verbe « avoir » devient « ai ».","With “je”, avoir becomes “ai”.",« as » s’utilise avec « tu ».,J’ai une question.,"[""présent"", ""verbes fréquents""]",1,2
a2-present-review-008,A2,Bases utiles,Présent essentiel,quiz,Choisir le verbe au présent,quotidien,Choisis la bonne forme du verbe.,Tu ___ en retard.,"[""es"", ""est"", ""suis"", ""êtes""]",es,"Avec « tu », le verbe « être » devient « es ».","With “tu”, être becomes “es”.",« est » s’utilise avec « il/elle ».,Tu es prêt.,"[""présent"", ""verbes fréquents""]",1,2
a2-present-review-009,A2,Bases utiles,Présent essentiel,quiz,Choisir le verbe au présent,quotidien,Choisis la bonne forme du verbe.,On ___ au restaurant ce soir.,"[""va"", ""vais"", ""allez"", ""vont""]",va,"Avec « on », le verbe s’accorde comme avec « il/elle »: on va.","With “on”, use third-person singular: on va.",« vais » s’utilise avec « je ».,On va au parc.,"[""présent"", ""verbes fréquents""]",1,2
a2-present-review-010,A2,Bases utiles,Présent essentiel,quiz,Choisir le verbe au présent,quotidien,Choisis la bonne forme du verbe.,Elles ___ du café.,"[""prennent"", ""prend"", ""prenez"", ""prendre""]",prennent,"Avec « elles », « prendre » devient « prennent ».","With “elles”, prendre becomes “prennent”.",« prend » s’utilise avec « il/elle » singulier.,Elles prennent l’autobus.,"[""présent"", ""verbes fréquents""]",1,2
a2-present-review-011,A2,Bases utiles,Présent essentiel,quiz,Choisir le verbe au présent,quotidien,Choisis la bonne forme du verbe.,Je ___ à Montréal.,"[""habite"", ""habites"", ""habiter"", ""habitons""]",habite,"Avec « je », le verbe « habiter » prend la forme « habite ».","With “je”, the verb is “habite”.",« habites » s’utilise avec « tu ».,J’habite près du métro.,"[""présent"", ""verbes fréquents""]",1,2
a2-present-review-012,A2,Bases utiles,Présent essentiel,quiz,Choisir le verbe au présent,quotidien,Choisis la bonne forme du verbe.,Tu ___ le français tous les jours.,"[""pratiques"", ""pratique"", ""pratiquer"", ""pratiquons""]",pratiques,"Avec « tu », on ajoute souvent -s au présent: tu pratiques.","With “tu”, many present-tense verbs take -s.",« pratique » s’utilise avec « je » ou « il/elle ».,Tu pratiques à la maison.,"[""présent"", ""verbes fréquents""]",1,2
a2-present-review-013,A2,Bases utiles,Présent essentiel,quiz,Choisir le verbe au présent,quotidien,Choisis la bonne forme du verbe.,Elle ___ au cégep.,"[""étudie"", ""étudies"", ""étudier"", ""étudions""]",étudie,"Avec « elle », on utilise « étudie ».","With “elle”, use “étudie”.",« étudies » s’utilise avec « tu ».,Elle étudie le soir.,"[""présent"", ""verbes fréquents""]",1,2
a2-present-review-014,A2,Bases utiles,Présent essentiel,quiz,Choisir le verbe au présent,quotidien,Choisis la bonne forme du verbe.,Nous ___ un exercice.,"[""faisons"", ""faites"", ""font"", ""faire""]",faisons,"Avec « nous », le verbe « faire » devient « faisons ».","With “nous”, faire becomes “faisons”.",« faites » s’utilise avec « vous ».,Nous faisons un test.,"[""présent"", ""verbes fréquents""]",1,2
a2-present-review-015,A2,Bases utiles,Présent essentiel,quiz,Choisir le verbe au présent,quotidien,Choisis la bonne forme du verbe.,Vous ___ une question.,"[""posez"", ""poses"", ""posent"", ""poser""]",posez,"Avec « vous », on utilise souvent la terminaison -ez: vous posez.","With “vous”, many verbs end in -ez.",« poses » s’utilise avec « tu ».,Vous posez une bonne question.,"[""présent"", ""verbes fréquents""]",1,2
a2-present-review-016,A2,Bases utiles,Présent essentiel,quiz,Choisir le verbe au présent,quotidien,Choisis la bonne forme du verbe.,Ils ___ au travail.,"[""vont"", ""va"", ""allez"", ""aller""]",vont,"Avec « ils », le verbe « aller » devient « vont ».","With “ils”, aller becomes “vont”.",« va » s’utilise avec « il/elle ».,Ils vont au bureau.,"[""présent"", ""verbes fréquents""]",1,2
a2-present-review-017,A2,Bases utiles,Présent essentiel,quiz,Choisir le verbe au présent,quotidien,Choisis la bonne forme du verbe.,Je ___ deux enfants.,"[""ai"", ""as"", ""a"", ""avons""]",ai,"Avec « je », le verbe « avoir » devient « ai ».","With “je”, avoir becomes “ai”.",« as » s’utilise avec « tu ».,J’ai une question.,"[""présent"", ""verbes fréquents""]",1,2
a2-present-review-018,A2,Bases utiles,Présent essentiel,quiz,Choisir le verbe au présent,quotidien,Choisis la bonne forme du verbe.,Tu ___ en retard.,"[""es"", ""est"", ""suis"", ""êtes""]",es,"Avec « tu », le verbe « être » devient « es ».","With “tu”, être becomes “es”.",« est » s’utilise avec « il/elle ».,Tu es prêt.,"[""présent"", ""verbes fréquents""]",1,2
a2-present-review-019,A2,Bases utiles,Présent essentiel,quiz,Choisir le verbe au présent,quotidien,Choisis la bonne forme du verbe.,On ___ au restaurant ce soir.,"[""va"", ""vais"", ""allez"", ""vont""]",va,"Avec « on », le verbe s’accorde comme avec « il/elle »: on va.","With “on”, use third-person singular: on va.",« vais » s’utilise avec « je ».,On va au parc.,"[""présent"", ""verbes fréquents""]",1,2
a2-present-review-020,A2,Bases utiles,Présent essentiel,quiz,Choisir le verbe au présent,quotidien,Choisis la bonne forme du verbe.,Elles ___ du café.,"[""prennent"", ""prend"", ""prenez"", ""prendre""]",prennent,"Avec « elles », « prendre » devient « prennent ».","With “elles”, prendre becomes “prennent”.",« prend » s’utilise avec « il/elle » singulier.,Elles prennent l’autobus.,"[""présent"", ""verbes fréquents""]",1,2
a2-prepositions-001,A2,Bases utiles,Prépositions courantes,quiz,Choisir la préposition,quotidien,Choisis la bonne préposition.,Je vais ___ pharmacie.,"[""à la"", ""au"", ""aux"", ""chez""]",à la,On dit « à la » devant un lieu féminin singulier: à la pharmacie.,Use “à la” before a feminine singular place.,« au » s’utilise avec un nom masculin: au café.,Je vais à la bibliothèque.,"[""prépositions"", ""lieu"", ""temps""]",1,2
a2-prepositions-002,A2,Bases utiles,Prépositions courantes,quiz,Choisir la préposition,quotidien,Choisis la bonne préposition.,Il travaille ___ hôpital.,"[""à l’"", ""au"", ""à la"", ""aux""]",à l’,"Devant une voyelle ou un h muet, on utilise « à l’ ».",Use “à l’” before a vowel or silent h.,« au » serait pour un nom masculin qui ne commence pas par une voyelle.,Elle va à l’école.,"[""prépositions"", ""lieu"", ""temps""]",1,2
a2-prepositions-003,A2,Bases utiles,Prépositions courantes,quiz,Choisir la préposition,quotidien,Choisis la bonne préposition.,Nous allons ___ médecin.,"[""chez le"", ""au"", ""à la"", ""dans le""]",chez le,"Pour une personne ou un professionnel, on utilise souvent « chez ».",Use “chez” for a person/professional.,« au médecin » est moins naturel ici.,Je vais chez la dentiste.,"[""prépositions"", ""lieu"", ""temps""]",1,2
a2-prepositions-004,A2,Bases utiles,Prépositions courantes,quiz,Choisir la préposition,quotidien,Choisis la bonne préposition.,Le cahier est ___ la table.,"[""sur"", ""chez"", ""à"", ""pour""]",sur,« Sur » indique une position au-dessus avec contact.,“Sur” means on top of.,« chez » indique la maison ou le lieu d’une personne.,Le téléphone est sur le bureau.,"[""prépositions"", ""lieu"", ""temps""]",1,2
a2-prepositions-005,A2,Bases utiles,Prépositions courantes,quiz,Choisir la préposition,quotidien,Choisis la bonne préposition.,La chaise est ___ la porte.,"[""devant"", ""avec"", ""chez"", ""par""]",devant,« Devant » indique une position en face de quelque chose.,“Devant” means in front of.,« avec » veut dire together with.,Il attend devant l’école.,"[""prépositions"", ""lieu"", ""temps""]",1,2
a2-prepositions-006,A2,Bases utiles,Prépositions courantes,quiz,Choisir la préposition,quotidien,Choisis la bonne préposition.,Le chat est ___ le lit.,"[""sous"", ""sur"", ""chez"", ""pour""]",sous,« Sous » indique une position plus basse: sous le lit.,“Sous” means under.,« sur » veut dire on top of.,Le sac est sous la chaise.,"[""prépositions"", ""lieu"", ""temps""]",1,2
a2-prepositions-007,A2,Bases utiles,Prépositions courantes,quiz,Choisir la préposition,quotidien,Choisis la bonne préposition.,Je marche ___ le parc.,"[""dans"", ""chez"", ""à"", ""sur""]",dans,On utilise « dans » pour dire à l’intérieur d’un lieu.,Use “dans” for inside/in.,« chez » s’utilise avec une personne ou un commerce nommé par une personne.,Je suis dans la classe.,"[""prépositions"", ""lieu"", ""temps""]",1,2
a2-prepositions-008,A2,Bases utiles,Prépositions courantes,quiz,Choisir la préposition,quotidien,Choisis la bonne préposition.,Elle habite ___ Montréal.,"[""à"", ""au"", ""aux"", ""chez""]",à,On utilise « à » avec une ville: à Montréal.,Use “à” with a city.,« au » s’utilise avec certains pays ou lieux masculins.,J’habite à Laval.,"[""prépositions"", ""lieu"", ""temps""]",1,2
a2-prepositions-009,A2,Bases utiles,Prépositions courantes,quiz,Choisir la préposition,quotidien,Choisis la bonne préposition.,Ils viennent ___ Québec.,"[""de"", ""du"", ""des"", ""à""]",de,"Avec une ville, on dit souvent « venir de »: venir de Québec.","With a city, use “de”.","« du » combine de + le, mais ce n’est pas nécessaire avec la ville Québec.",Je viens de Montréal.,"[""prépositions"", ""lieu"", ""temps""]",1,2
a2-prepositions-010,A2,Bases utiles,Prépositions courantes,quiz,Choisir la préposition,quotidien,Choisis la bonne préposition.,Le cours commence ___ 9 h.,"[""à"", ""en"", ""chez"", ""sur""]",à,On utilise « à » pour une heure précise.,Use “à” for a specific time.,« en 9 h » n’est pas correct ici.,Le rendez-vous est à midi.,"[""prépositions"", ""lieu"", ""temps""]",1,2
a2-prepositions-011,A2,Bases utiles,Prépositions courantes,quiz,Choisir la préposition,quotidien,Choisis la bonne préposition.,Je vais ___ pharmacie.,"[""à la"", ""au"", ""aux"", ""chez""]",à la,On dit « à la » devant un lieu féminin singulier: à la pharmacie.,Use “à la” before a feminine singular place.,« au » s’utilise avec un nom masculin: au café.,Je vais à la bibliothèque.,"[""prépositions"", ""lieu"", ""temps""]",1,2
a2-prepositions-012,A2,Bases utiles,Prépositions courantes,quiz,Choisir la préposition,quotidien,Choisis la bonne préposition.,Il travaille ___ hôpital.,"[""à l’"", ""au"", ""à la"", ""aux""]",à l’,"Devant une voyelle ou un h muet, on utilise « à l’ ».",Use “à l’” before a vowel or silent h.,« au » serait pour un nom masculin qui ne commence pas par une voyelle.,Elle va à l’école.,"[""prépositions"", ""lieu"", ""temps""]",1,2
a2-prepositions-013,A2,Bases utiles,Prépositions courantes,quiz,Choisir la préposition,quotidien,Choisis la bonne préposition.,Nous allons ___ médecin.,"[""chez le"", ""au"", ""à la"", ""dans le""]",chez le,"Pour une personne ou un professionnel, on utilise souvent « chez ».",Use “chez” for a person/professional.,« au médecin » est moins naturel ici.,Je vais chez la dentiste.,"[""prépositions"", ""lieu"", ""temps""]",1,2
a2-prepositions-014,A2,Bases utiles,Prépositions courantes,quiz,Choisir la préposition,quotidien,Choisis la bonne préposition.,Le cahier est ___ la table.,"[""sur"", ""chez"", ""à"", ""pour""]",sur,« Sur » indique une position au-dessus avec contact.,“Sur” means on top of.,« chez » indique la maison ou le lieu d’une personne.,Le téléphone est sur le bureau.,"[""prépositions"", ""lieu"", ""temps""]",1,2
a2-prepositions-015,A2,Bases utiles,Prépositions courantes,quiz,Choisir la préposition,quotidien,Choisis la bonne préposition.,La chaise est ___ la porte.,"[""devant"", ""avec"", ""chez"", ""par""]",devant,« Devant » indique une position en face de quelque chose.,“Devant” means in front of.,« avec » veut dire together with.,Il attend devant l’école.,"[""prépositions"", ""lieu"", ""temps""]",1,2
a2-prepositions-016,A2,Bases utiles,Prépositions courantes,quiz,Choisir la préposition,quotidien,Choisis la bonne préposition.,Le chat est ___ le lit.,"[""sous"", ""sur"", ""chez"", ""pour""]",sous,« Sous » indique une position plus basse: sous le lit.,“Sous” means under.,« sur » veut dire on top of.,Le sac est sous la chaise.,"[""prépositions"", ""lieu"", ""temps""]",1,2
a2-prepositions-017,A2,Bases utiles,Prépositions courantes,quiz,Choisir la préposition,quotidien,Choisis la bonne préposition.,Je marche ___ le parc.,"[""dans"", ""chez"", ""à"", ""sur""]",dans,On utilise « dans » pour dire à l’intérieur d’un lieu.,Use “dans” for inside/in.,« chez » s’utilise avec une personne ou un commerce nommé par une personne.,Je suis dans la classe.,"[""prépositions"", ""lieu"", ""temps""]",1,2
a2-prepositions-018,A2,Bases utiles,Prépositions courantes,quiz,Choisir la préposition,quotidien,Choisis la bonne préposition.,Elle habite ___ Montréal.,"[""à"", ""au"", ""aux"", ""chez""]",à,On utilise « à » avec une ville: à Montréal.,Use “à” with a city.,« au » s’utilise avec certains pays ou lieux masculins.,J’habite à Laval.,"[""prépositions"", ""lieu"", ""temps""]",1,2
a2-prepositions-019,A2,Bases utiles,Prépositions courantes,quiz,Choisir la préposition,quotidien,Choisis la bonne préposition.,Ils viennent ___ Québec.,"[""de"", ""du"", ""des"", ""à""]",de,"Avec une ville, on dit souvent « venir de »: venir de Québec.","With a city, use “de”.","« du » combine de + le, mais ce n’est pas nécessaire avec la ville Québec.",Je viens de Montréal.,"[""prépositions"", ""lieu"", ""temps""]",1,2
a2-prepositions-020,A2,Bases utiles,Prépositions courantes,quiz,Choisir la préposition,quotidien,Choisis la bonne préposition.,Le cours commence ___ 9 h.,"[""à"", ""en"", ""chez"", ""sur""]",à,On utilise « à » pour une heure précise.,Use “à” for a specific time.,« en 9 h » n’est pas correct ici.,Le rendez-vous est à midi.,"[""prépositions"", ""lieu"", ""temps""]",1,2
a2-questions-001,A2,Communication de base,Questions simples,quiz,Choisir le mot-question,classe,Choisis le bon mot-question.,___ tu t’appelles?,"[""Comment"", ""Combien"", ""Quand"", ""Pourquoi""]",Comment,On utilise « comment » pour demander le nom ou la manière.,Use “comment” to ask how/name.,« Combien » demande une quantité.,Comment ça va?,"[""questions"", ""mots interrogatifs""]",1,2
a2-questions-002,A2,Communication de base,Questions simples,quiz,Choisir le mot-question,classe,Choisis le bon mot-question.,___ habites-tu?,"[""Où"", ""Qui"", ""Quand"", ""Combien""]",Où,On utilise « où » pour demander un lieu.,Use “où” to ask where.,« Qui » demande une personne.,Où est la classe?,"[""questions"", ""mots interrogatifs""]",1,2
a2-questions-003,A2,Communication de base,Questions simples,quiz,Choisir le mot-question,classe,Choisis le bon mot-question.,___ coûte ce livre?,"[""Combien"", ""Comment"", ""Pourquoi"", ""Quel""]",Combien,On utilise « combien » pour demander un prix ou une quantité.,Use “combien” for price/quantity.,« Comment » demande la manière.,Combien ça coûte?,"[""questions"", ""mots interrogatifs""]",1,2
a2-questions-004,A2,Communication de base,Questions simples,quiz,Choisir le mot-question,classe,Choisis le bon mot-question.,___ est ton professeur?,"[""Qui"", ""Où"", ""Quand"", ""Comment""]",Qui,On utilise « qui » pour demander une personne.,Use “qui” to ask who.,« Où » demande un lieu.,Qui vient ce soir?,"[""questions"", ""mots interrogatifs""]",1,2
a2-questions-005,A2,Communication de base,Questions simples,quiz,Choisir le mot-question,classe,Choisis le bon mot-question.,___ jour sommes-nous?,"[""Quel"", ""Quelle"", ""Quels"", ""Quelles""]",Quel,"« Jour » est masculin singulier, donc on utilise « quel ».","“Jour” is masculine singular, so use “quel”.",« Quelle » est féminin singulier.,Quel âge as-tu?,"[""questions"", ""mots interrogatifs""]",1,2
a2-questions-006,A2,Communication de base,Questions simples,quiz,Choisir le mot-question,classe,Choisis le bon mot-question.,___ heure est-il?,"[""Quelle"", ""Quel"", ""Quels"", ""Quelles""]",Quelle,"« Heure » est féminin singulier, donc on utilise « quelle ».","“Heure” is feminine singular, so use “quelle”.",« Quel » est masculin singulier.,Quelle est ton adresse?,"[""questions"", ""mots interrogatifs""]",1,2
a2-questions-007,A2,Communication de base,Questions simples,quiz,Choisir le mot-question,classe,Choisis le bon mot-question.,___ tu apprends le français?,"[""Pourquoi"", ""Où"", ""Combien"", ""Qui""]",Pourquoi,On utilise « pourquoi » pour demander la raison.,Use “pourquoi” to ask why.,« Où » demande un lieu.,Pourquoi es-tu ici?,"[""questions"", ""mots interrogatifs""]",1,2
a2-questions-008,A2,Communication de base,Questions simples,quiz,Choisir le mot-question,classe,Choisis le bon mot-question.,___ commence le cours?,"[""Quand"", ""Qui"", ""Combien"", ""Quel""]",Quand,On utilise « quand » pour demander le moment.,Use “quand” to ask when.,« Qui » demande une personne.,Quand pars-tu?,"[""questions"", ""mots interrogatifs""]",1,2
a2-questions-009,A2,Communication de base,Questions simples,quiz,Choisir le mot-question,classe,Choisis le bon mot-question.,___ tu t’appelles?,"[""Comment"", ""Combien"", ""Quand"", ""Pourquoi""]",Comment,On utilise « comment » pour demander le nom ou la manière.,Use “comment” to ask how/name.,« Combien » demande une quantité.,Comment ça va?,"[""questions"", ""mots interrogatifs""]",1,2
a2-questions-010,A2,Communication de base,Questions simples,quiz,Choisir le mot-question,classe,Choisis le bon mot-question.,___ habites-tu?,"[""Où"", ""Qui"", ""Quand"", ""Combien""]",Où,On utilise « où » pour demander un lieu.,Use “où” to ask where.,« Qui » demande une personne.,Où est la classe?,"[""questions"", ""mots interrogatifs""]",1,2
a2-questions-011,A2,Communication de base,Questions simples,quiz,Choisir le mot-question,classe,Choisis le bon mot-question.,___ coûte ce livre?,"[""Combien"", ""Comment"", ""Pourquoi"", ""Quel""]",Combien,On utilise « combien » pour demander un prix ou une quantité.,Use “combien” for price/quantity.,« Comment » demande la manière.,Combien ça coûte?,"[""questions"", ""mots interrogatifs""]",1,2
a2-questions-012,A2,Communication de base,Questions simples,quiz,Choisir le mot-question,classe,Choisis le bon mot-question.,___ est ton professeur?,"[""Qui"", ""Où"", ""Quand"", ""Comment""]",Qui,On utilise « qui » pour demander une personne.,Use “qui” to ask who.,« Où » demande un lieu.,Qui vient ce soir?,"[""questions"", ""mots interrogatifs""]",1,2
a2-questions-013,A2,Communication de base,Questions simples,quiz,Choisir le mot-question,classe,Choisis le bon mot-question.,___ jour sommes-nous?,"[""Quel"", ""Quelle"", ""Quels"", ""Quelles""]",Quel,"« Jour » est masculin singulier, donc on utilise « quel ».","“Jour” is masculine singular, so use “quel”.",« Quelle » est féminin singulier.,Quel âge as-tu?,"[""questions"", ""mots interrogatifs""]",1,2
a2-questions-014,A2,Communication de base,Questions simples,quiz,Choisir le mot-question,classe,Choisis le bon mot-question.,___ heure est-il?,"[""Quelle"", ""Quel"", ""Quels"", ""Quelles""]",Quelle,"« Heure » est féminin singulier, donc on utilise « quelle ».","“Heure” is feminine singular, so use “quelle”.",« Quel » est masculin singulier.,Quelle est ton adresse?,"[""questions"", ""mots interrogatifs""]",1,2
a2-questions-015,A2,Communication de base,Questions simples,quiz,Choisir le mot-question,classe,Choisis le bon mot-question.,___ tu apprends le français?,"[""Pourquoi"", ""Où"", ""Combien"", ""Qui""]",Pourquoi,On utilise « pourquoi » pour demander la raison.,Use “pourquoi” to ask why.,« Où » demande un lieu.,Pourquoi es-tu ici?,"[""questions"", ""mots interrogatifs""]",1,2
a2-questions-016,A2,Communication de base,Questions simples,quiz,Choisir le mot-question,classe,Choisis le bon mot-question.,___ commence le cours?,"[""Quand"", ""Qui"", ""Combien"", ""Quel""]",Quand,On utilise « quand » pour demander le moment.,Use “quand” to ask when.,« Qui » demande une personne.,Quand pars-tu?,"[""questions"", ""mots interrogatifs""]",1,2
a2-questions-017,A2,Communication de base,Questions simples,quiz,Choisir le mot-question,classe,Choisis le bon mot-question.,___ tu t’appelles?,"[""Comment"", ""Combien"", ""Quand"", ""Pourquoi""]",Comment,On utilise « comment » pour demander le nom ou la manière.,Use “comment” to ask how/name.,« Combien » demande une quantité.,Comment ça va?,"[""questions"", ""mots interrogatifs""]",1,2
a2-questions-018,A2,Communication de base,Questions simples,quiz,Choisir le mot-question,classe,Choisis le bon mot-question.,___ habites-tu?,"[""Où"", ""Qui"", ""Quand"", ""Combien""]",Où,On utilise « où » pour demander un lieu.,Use “où” to ask where.,« Qui » demande une personne.,Où est la classe?,"[""questions"", ""mots interrogatifs""]",1,2
a2-questions-019,A2,Communication de base,Questions simples,quiz,Choisir le mot-question,classe,Choisis le bon mot-question.,___ coûte ce livre?,"[""Combien"", ""Comment"", ""Pourquoi"", ""Quel""]",Combien,On utilise « combien » pour demander un prix ou une quantité.,Use “combien” for price/quantity.,« Comment » demande la manière.,Combien ça coûte?,"[""questions"", ""mots interrogatifs""]",1,2
a2-questions-020,A2,Communication de base,Questions simples,quiz,Choisir le mot-question,classe,Choisis le bon mot-question.,___ est ton professeur?,"[""Qui"", ""Où"", ""Quand"", ""Comment""]",Qui,On utilise « qui » pour demander une personne.,Use “qui” to ask who.,« Où » demande un lieu.,Qui vient ce soir?,"[""questions"", ""mots interrogatifs""]",1,2
a2-questions-021,A2,Communication de base,Questions simples,quiz,Choisir le mot-question,classe,Choisis le bon mot-question.,___ jour sommes-nous?,"[""Quel"", ""Quelle"", ""Quels"", ""Quelles""]",Quel,"« Jour » est masculin singulier, donc on utilise « quel ».","“Jour” is masculine singular, so use “quel”.",« Quelle » est féminin singulier.,Quel âge as-tu?,"[""questions"", ""mots interrogatifs""]",1,2
a2-questions-022,A2,Communication de base,Questions simples,quiz,Choisir le mot-question,classe,Choisis le bon mot-question.,___ heure est-il?,"[""Quelle"", ""Quel"", ""Quels"", ""Quelles""]",Quelle,"« Heure » est féminin singulier, donc on utilise « quelle ».","“Heure” is feminine singular, so use “quelle”.",« Quel » est masculin singulier.,Quelle est ton adresse?,"[""questions"", ""mots interrogatifs""]",1,2
a2-questions-023,A2,Communication de base,Questions simples,quiz,Choisir le mot-question,classe,Choisis le bon mot-question.,___ tu apprends le français?,"[""Pourquoi"", ""Où"", ""Combien"", ""Qui""]",Pourquoi,On utilise « pourquoi » pour demander la raison.,Use “pourquoi” to ask why.,« Où » demande un lieu.,Pourquoi es-tu ici?,"[""questions"", ""mots interrogatifs""]",1,2
a2-questions-024,A2,Communication de base,Questions simples,quiz,Choisir le mot-question,classe,Choisis le bon mot-question.,___ commence le cours?,"[""Quand"", ""Qui"", ""Combien"", ""Quel""]",Quand,On utilise « quand » pour demander le moment.,Use “quand” to ask when.,« Qui » demande une personne.,Quand pars-tu?,"[""questions"", ""mots interrogatifs""]",1,2
a2-correction-001,A2,Bases utiles,Corriger une phrase simple,correction,Corriger la phrase,écrit,Corrige la phrase.,Je vais au pharmacie.,[],Je vais à la pharmacie.,"« Pharmacie » est féminin, donc on dit « à la pharmacie ».","“Pharmacie” is feminine, so use “à la”.",,Je vais à la pharmacie.,"[""correction"", ""A2""]",1,2
a2-correction-002,A2,Bases utiles,Corriger une phrase simple,correction,Corriger la phrase,écrit,Corrige la phrase.,Tu est prêt?,[],Tu es prêt?,"Avec « tu », le verbe être devient « es ».","With “tu”, être becomes “es”.",,Tu es prêt?,"[""correction"", ""A2""]",1,2
a2-correction-003,A2,Bases utiles,Corriger une phrase simple,correction,Corriger la phrase,écrit,Corrige la phrase.,Je suis à Montréal depuis deux années.,[],Je suis à Montréal depuis deux ans.,"Pour la durée, on dit souvent « deux ans », pas « deux années » dans ce contexte simple.","For duration, “deux ans” is more natural here.",,Je suis à Montréal depuis deux ans.,"[""correction"", ""A2""]",1,2
a2-correction-004,A2,Bases utiles,Corriger une phrase simple,correction,Corriger la phrase,écrit,Corrige la phrase.,Elle prendre le bus.,[],Elle prend le bus.,"Avec « elle », le verbe prendre devient « prend ».","With “elle”, prendre becomes “prend”.",,Elle prend le bus.,"[""correction"", ""A2""]",1,2
a2-correction-005,A2,Bases utiles,Corriger une phrase simple,correction,Corriger la phrase,écrit,Corrige la phrase.,J’ai une rendez-vous.,[],J’ai un rendez-vous.,"« Rendez-vous » est masculin, donc on dit « un rendez-vous ».",“Rendez-vous” is masculine.,,J’ai un rendez-vous.,"[""correction"", ""A2""]",1,2
a2-correction-006,A2,Bases utiles,Corriger une phrase simple,correction,Corriger la phrase,écrit,Corrige la phrase.,Il y a beaucoup de personnes dans le classe.,[],Il y a beaucoup de personnes dans la classe.,"« Classe » est féminin, donc on dit « la classe ».",“Classe” is feminine.,,Il y a beaucoup de personnes dans la classe.,"[""correction"", ""A2""]",1,2
a2-correction-007,A2,Bases utiles,Corriger une phrase simple,correction,Corriger la phrase,écrit,Corrige la phrase.,Nous va au parc.,[],Nous allons au parc.,"Avec « nous », le verbe aller devient « allons ».","With “nous”, aller becomes “allons”.",,Nous allons au parc.,"[""correction"", ""A2""]",1,2
a2-correction-008,A2,Bases utiles,Corriger une phrase simple,correction,Corriger la phrase,écrit,Corrige la phrase.,Je ne veux pas du café.,[],Je ne veux pas de café.,"Après une négation, les partitifs deviennent souvent « de » ou « d’ ».","After negation, partitives often become “de/d’”.",,Je ne veux pas de café.,"[""correction"", ""A2""]",1,2
a2-correction-009,A2,Bases utiles,Corriger une phrase simple,correction,Corriger la phrase,écrit,Corrige la phrase.,Je vais au pharmacie.,[],Je vais à la pharmacie.,"« Pharmacie » est féminin, donc on dit « à la pharmacie ».","“Pharmacie” is feminine, so use “à la”.",,Je vais à la pharmacie.,"[""correction"", ""A2""]",1,2
a2-correction-010,A2,Bases utiles,Corriger une phrase simple,correction,Corriger la phrase,écrit,Corrige la phrase.,Tu est prêt?,[],Tu es prêt?,"Avec « tu », le verbe être devient « es ».","With “tu”, être becomes “es”.",,Tu es prêt?,"[""correction"", ""A2""]",1,2
a2-correction-011,A2,Bases utiles,Corriger une phrase simple,correction,Corriger la phrase,écrit,Corrige la phrase.,Je suis à Montréal depuis deux années.,[],Je suis à Montréal depuis deux ans.,"Pour la durée, on dit souvent « deux ans », pas « deux années » dans ce contexte simple.","For duration, “deux ans” is more natural here.",,Je suis à Montréal depuis deux ans.,"[""correction"", ""A2""]",1,2
a2-correction-012,A2,Bases utiles,Corriger une phrase simple,correction,Corriger la phrase,écrit,Corrige la phrase.,Elle prendre le bus.,[],Elle prend le bus.,"Avec « elle », le verbe prendre devient « prend ».","With “elle”, prendre becomes “prend”.",,Elle prend le bus.,"[""correction"", ""A2""]",1,2
a2-correction-013,A2,Bases utiles,Corriger une phrase simple,correction,Corriger la phrase,écrit,Corrige la phrase.,J’ai une rendez-vous.,[],J’ai un rendez-vous.,"« Rendez-vous » est masculin, donc on dit « un rendez-vous ».",“Rendez-vous” is masculine.,,J’ai un rendez-vous.,"[""correction"", ""A2""]",1,2
a2-correction-014,A2,Bases utiles,Corriger une phrase simple,correction,Corriger la phrase,écrit,Corrige la phrase.,Il y a beaucoup de personnes dans le classe.,[],Il y a beaucoup de personnes dans la classe.,"« Classe » est féminin, donc on dit « la classe ».",“Classe” is feminine.,,Il y a beaucoup de personnes dans la classe.,"[""correction"", ""A2""]",1,2
a2-correction-015,A2,Bases utiles,Corriger une phrase simple,correction,Corriger la phrase,écrit,Corrige la phrase.,Nous va au parc.,[],Nous allons au parc.,"Avec « nous », le verbe aller devient « allons ».","With “nous”, aller becomes “allons”.",,Nous allons au parc.,"[""correction"", ""A2""]",1,2
a2-correction-016,A2,Bases utiles,Corriger une phrase simple,correction,Corriger la phrase,écrit,Corrige la phrase.,Je ne veux pas du café.,[],Je ne veux pas de café.,"Après une négation, les partitifs deviennent souvent « de » ou « d’ ».","After negation, partitives often become “de/d’”.",,Je ne veux pas de café.,"[""correction"", ""A2""]",1,2
a2-correction-017,A2,Bases utiles,Corriger une phrase simple,correction,Corriger la phrase,écrit,Corrige la phrase.,Je vais au pharmacie.,[],Je vais à la pharmacie.,"« Pharmacie » est féminin, donc on dit « à la pharmacie ».","“Pharmacie” is feminine, so use “à la”.",,Je vais à la pharmacie.,"[""correction"", ""A2""]",1,2
a2-correction-018,A2,Bases utiles,Corriger une phrase simple,correction,Corriger la phrase,écrit,Corrige la phrase.,Tu est prêt?,[],Tu es prêt?,"Avec « tu », le verbe être devient « es ».","With “tu”, être becomes “es”.",,Tu es prêt?,"[""correction"", ""A2""]",1,2
a2-correction-019,A2,Bases utiles,Corriger une phrase simple,correction,Corriger la phrase,écrit,Corrige la phrase.,Je suis à Montréal depuis deux années.,[],Je suis à Montréal depuis deux ans.,"Pour la durée, on dit souvent « deux ans », pas « deux années » dans ce contexte simple.","For duration, “deux ans” is more natural here.",,Je suis à Montréal depuis deux ans.,"[""correction"", ""A2""]",1,2
a2-correction-020,A2,Bases utiles,Corriger une phrase simple,correction,Corriger la phrase,écrit,Corrige la phrase.,Elle prendre le bus.,[],Elle prend le bus.,"Avec « elle », le verbe prendre devient « prend ».","With “elle”, prendre becomes “prend”.",,Elle prend le bus.,"[""correction"", ""A2""]",1,2
a2-correction-021,A2,Bases utiles,Corriger une phrase simple,correction,Corriger la phrase,écrit,Corrige la phrase.,J’ai une rendez-vous.,[],J’ai un rendez-vous.,"« Rendez-vous » est masculin, donc on dit « un rendez-vous ».",“Rendez-vous” is masculine.,,J’ai un rendez-vous.,"[""correction"", ""A2""]",1,2
a2-correction-022,A2,Bases utiles,Corriger une phrase simple,correction,Corriger la phrase,écrit,Corrige la phrase.,Il y a beaucoup de personnes dans le classe.,[],Il y a beaucoup de personnes dans la classe.,"« Classe » est féminin, donc on dit « la classe ».",“Classe” is feminine.,,Il y a beaucoup de personnes dans la classe.,"[""correction"", ""A2""]",1,2
a2-correction-023,A2,Bases utiles,Corriger une phrase simple,correction,Corriger la phrase,écrit,Corrige la phrase.,Nous va au parc.,[],Nous allons au parc.,"Avec « nous », le verbe aller devient « allons ».","With “nous”, aller becomes “allons”.",,Nous allons au parc.,"[""correction"", ""A2""]",1,2
a2-correction-024,A2,Bases utiles,Corriger une phrase simple,correction,Corriger la phrase,écrit,Corrige la phrase.,Je ne veux pas du café.,[],Je ne veux pas de café.,"Après une négation, les partitifs deviennent souvent « de » ou « d’ ».","After negation, partitives often become “de/d’”.",,Je ne veux pas de café.,"[""correction"", ""A2""]",1,2
a2plus-passe-compose-001,A2+,Verbes essentiels,Passé composé,quiz,Choisir le passé composé,passé,Choisis la bonne forme.,"Hier, j’___ travaillé.","[""ai"", ""suis"", ""vais"", ""as""]",ai,La plupart des verbes utilisent « avoir » au passé composé: j’ai travaillé.,Most verbs use avoir in passé composé.,« suis travaillé » n’est pas correct ici.,J’ai étudié hier.,"[""passé composé"", ""avoir"", ""être""]",2,2
a2plus-passe-compose-002,A2+,Verbes essentiels,Passé composé,quiz,Choisir le passé composé,passé,Choisis la bonne forme.,Elle ___ arrivée à 8 h.,"[""est"", ""a"", ""va"", ""sont""]",est,Le verbe « arriver » utilise souvent « être » au passé composé.,Arriver uses être in passé composé.,« a arrivée » n’est pas correct.,Elle est partie tôt.,"[""passé composé"", ""avoir"", ""être""]",2,2
a2plus-passe-compose-003,A2+,Verbes essentiels,Passé composé,quiz,Choisir le passé composé,passé,Choisis la bonne forme.,Nous ___ fini l’exercice.,"[""avons"", ""sommes"", ""allons"", ""avez""]",avons,Le verbe « finir » utilise « avoir » au passé composé.,Finir uses avoir.,« sommes fini » n’est pas correct ici.,Nous avons compris.,"[""passé composé"", ""avoir"", ""être""]",2,2
a2plus-passe-compose-004,A2+,Verbes essentiels,Passé composé,quiz,Choisir le passé composé,passé,Choisis la bonne forme.,Ils ___ allés au marché.,"[""sont"", ""ont"", ""vont"", ""étaient""]",sont,Le verbe « aller » utilise « être » au passé composé.,Aller uses être.,« ont allés » n’est pas correct.,Ils sont venus.,"[""passé composé"", ""avoir"", ""être""]",2,2
a2plus-passe-compose-005,A2+,Verbes essentiels,Passé composé,quiz,Choisir le passé composé,passé,Choisis la bonne forme.,Tu ___ mangé avant le cours?,"[""as"", ""es"", ""vas"", ""a""]",as,Le verbe « manger » utilise « avoir » au passé composé.,Manger uses avoir.,« es mangé » n’est pas correct.,Tu as parlé au professeur.,"[""passé composé"", ""avoir"", ""être""]",2,2
a2plus-passe-compose-006,A2+,Verbes essentiels,Passé composé,quiz,Choisir le passé composé,passé,Choisis la bonne forme.,Marie ___ tombée dans la rue.,"[""est"", ""a"", ""va"", ""étais""]",est,"« Tomber » utilise souvent « être » au passé composé. Avec Marie, on ajoute -e: tombée.",Tomber uses être; add -e for feminine subject.,« a tombée » est une erreur fréquente.,Elle est restée à la maison.,"[""passé composé"", ""avoir"", ""être""]",2,2
a2plus-passe-compose-007,A2+,Verbes essentiels,Passé composé,quiz,Choisir le passé composé,passé,Choisis la bonne forme.,Vous ___ déjà vu ce film?,"[""avez"", ""êtes"", ""allez"", ""ont""]",avez,Le verbe « voir » utilise « avoir » au passé composé.,Voir uses avoir.,« êtes vu » n’est pas correct ici.,Vous avez lu le message.,"[""passé composé"", ""avoir"", ""être""]",2,2
a2plus-passe-compose-008,A2+,Verbes essentiels,Passé composé,quiz,Choisir le passé composé,passé,Choisis la bonne forme.,Elles ___ sorties du métro.,"[""sont"", ""ont"", ""vont"", ""étaient""]",sont,"« Sortir » utilise souvent « être » quand il indique un déplacement. Avec « elles », on ajoute -es.",Sortir often uses être for movement; add -es with elles.,« ont sorties » n’est pas correct ici.,Elles sont entrées.,"[""passé composé"", ""avoir"", ""être""]",2,2
a2plus-passe-compose-009,A2+,Verbes essentiels,Passé composé,quiz,Choisir le passé composé,passé,Choisis la bonne forme.,"Hier, j’___ travaillé.","[""ai"", ""suis"", ""vais"", ""as""]",ai,La plupart des verbes utilisent « avoir » au passé composé: j’ai travaillé.,Most verbs use avoir in passé composé.,« suis travaillé » n’est pas correct ici.,J’ai étudié hier.,"[""passé composé"", ""avoir"", ""être""]",2,2
a2plus-passe-compose-010,A2+,Verbes essentiels,Passé composé,quiz,Choisir le passé composé,passé,Choisis la bonne forme.,Elle ___ arrivée à 8 h.,"[""est"", ""a"", ""va"", ""sont""]",est,Le verbe « arriver » utilise souvent « être » au passé composé.,Arriver uses être in passé composé.,« a arrivée » n’est pas correct.,Elle est partie tôt.,"[""passé composé"", ""avoir"", ""être""]",2,2
a2plus-passe-compose-011,A2+,Verbes essentiels,Passé composé,quiz,Choisir le passé composé,passé,Choisis la bonne forme.,Nous ___ fini l’exercice.,"[""avons"", ""sommes"", ""allons"", ""avez""]",avons,Le verbe « finir » utilise « avoir » au passé composé.,Finir uses avoir.,« sommes fini » n’est pas correct ici.,Nous avons compris.,"[""passé composé"", ""avoir"", ""être""]",2,2
a2plus-passe-compose-012,A2+,Verbes essentiels,Passé composé,quiz,Choisir le passé composé,passé,Choisis la bonne forme.,Ils ___ allés au marché.,"[""sont"", ""ont"", ""vont"", ""étaient""]",sont,Le verbe « aller » utilise « être » au passé composé.,Aller uses être.,« ont allés » n’est pas correct.,Ils sont venus.,"[""passé composé"", ""avoir"", ""être""]",2,2
a2plus-passe-compose-013,A2+,Verbes essentiels,Passé composé,quiz,Choisir le passé composé,passé,Choisis la bonne forme.,Tu ___ mangé avant le cours?,"[""as"", ""es"", ""vas"", ""a""]",as,Le verbe « manger » utilise « avoir » au passé composé.,Manger uses avoir.,« es mangé » n’est pas correct.,Tu as parlé au professeur.,"[""passé composé"", ""avoir"", ""être""]",2,2
a2plus-passe-compose-014,A2+,Verbes essentiels,Passé composé,quiz,Choisir le passé composé,passé,Choisis la bonne forme.,Marie ___ tombée dans la rue.,"[""est"", ""a"", ""va"", ""étais""]",est,"« Tomber » utilise souvent « être » au passé composé. Avec Marie, on ajoute -e: tombée.",Tomber uses être; add -e for feminine subject.,« a tombée » est une erreur fréquente.,Elle est restée à la maison.,"[""passé composé"", ""avoir"", ""être""]",2,2
a2plus-passe-compose-015,A2+,Verbes essentiels,Passé composé,quiz,Choisir le passé composé,passé,Choisis la bonne forme.,Vous ___ déjà vu ce film?,"[""avez"", ""êtes"", ""allez"", ""ont""]",avez,Le verbe « voir » utilise « avoir » au passé composé.,Voir uses avoir.,« êtes vu » n’est pas correct ici.,Vous avez lu le message.,"[""passé composé"", ""avoir"", ""être""]",2,2
a2plus-passe-compose-016,A2+,Verbes essentiels,Passé composé,quiz,Choisir le passé composé,passé,Choisis la bonne forme.,Elles ___ sorties du métro.,"[""sont"", ""ont"", ""vont"", ""étaient""]",sont,"« Sortir » utilise souvent « être » quand il indique un déplacement. Avec « elles », on ajoute -es.",Sortir often uses être for movement; add -es with elles.,« ont sorties » n’est pas correct ici.,Elles sont entrées.,"[""passé composé"", ""avoir"", ""être""]",2,2
a2plus-passe-compose-017,A2+,Verbes essentiels,Passé composé,quiz,Choisir le passé composé,passé,Choisis la bonne forme.,"Hier, j’___ travaillé.","[""ai"", ""suis"", ""vais"", ""as""]",ai,La plupart des verbes utilisent « avoir » au passé composé: j’ai travaillé.,Most verbs use avoir in passé composé.,« suis travaillé » n’est pas correct ici.,J’ai étudié hier.,"[""passé composé"", ""avoir"", ""être""]",2,2
a2plus-passe-compose-018,A2+,Verbes essentiels,Passé composé,quiz,Choisir le passé composé,passé,Choisis la bonne forme.,Elle ___ arrivée à 8 h.,"[""est"", ""a"", ""va"", ""sont""]",est,Le verbe « arriver » utilise souvent « être » au passé composé.,Arriver uses être in passé composé.,« a arrivée » n’est pas correct.,Elle est partie tôt.,"[""passé composé"", ""avoir"", ""être""]",2,2
a2plus-passe-compose-019,A2+,Verbes essentiels,Passé composé,quiz,Choisir le passé composé,passé,Choisis la bonne forme.,Nous ___ fini l’exercice.,"[""avons"", ""sommes"", ""allons"", ""avez""]",avons,Le verbe « finir » utilise « avoir » au passé composé.,Finir uses avoir.,« sommes fini » n’est pas correct ici.,Nous avons compris.,"[""passé composé"", ""avoir"", ""être""]",2,2
a2plus-passe-compose-020,A2+,Verbes essentiels,Passé composé,quiz,Choisir le passé composé,passé,Choisis la bonne forme.,Ils ___ allés au marché.,"[""sont"", ""ont"", ""vont"", ""étaient""]",sont,Le verbe « aller » utilise « être » au passé composé.,Aller uses être.,« ont allés » n’est pas correct.,Ils sont venus.,"[""passé composé"", ""avoir"", ""être""]",2,2
a2plus-passe-compose-021,A2+,Verbes essentiels,Passé composé,quiz,Choisir le passé composé,passé,Choisis la bonne forme.,Tu ___ mangé avant le cours?,"[""as"", ""es"", ""vas"", ""a""]",as,Le verbe « manger » utilise « avoir » au passé composé.,Manger uses avoir.,« es mangé » n’est pas correct.,Tu as parlé au professeur.,"[""passé composé"", ""avoir"", ""être""]",2,2
a2plus-passe-compose-022,A2+,Verbes essentiels,Passé composé,quiz,Choisir le passé composé,passé,Choisis la bonne forme.,Marie ___ tombée dans la rue.,"[""est"", ""a"", ""va"", ""étais""]",est,"« Tomber » utilise souvent « être » au passé composé. Avec Marie, on ajoute -e: tombée.",Tomber uses être; add -e for feminine subject.,« a tombée » est une erreur fréquente.,Elle est restée à la maison.,"[""passé composé"", ""avoir"", ""être""]",2,2
a2plus-passe-compose-023,A2+,Verbes essentiels,Passé composé,quiz,Choisir le passé composé,passé,Choisis la bonne forme.,Vous ___ déjà vu ce film?,"[""avez"", ""êtes"", ""allez"", ""ont""]",avez,Le verbe « voir » utilise « avoir » au passé composé.,Voir uses avoir.,« êtes vu » n’est pas correct ici.,Vous avez lu le message.,"[""passé composé"", ""avoir"", ""être""]",2,2
a2plus-passe-compose-024,A2+,Verbes essentiels,Passé composé,quiz,Choisir le passé composé,passé,Choisis la bonne forme.,Elles ___ sorties du métro.,"[""sont"", ""ont"", ""vont"", ""étaient""]",sont,"« Sortir » utilise souvent « être » quand il indique un déplacement. Avec « elles », on ajoute -es.",Sortir often uses être for movement; add -es with elles.,« ont sorties » n’est pas correct ici.,Elles sont entrées.,"[""passé composé"", ""avoir"", ""être""]",2,2
a2plus-passe-compose-025,A2+,Verbes essentiels,Passé composé,quiz,Choisir le passé composé,passé,Choisis la bonne forme.,"Hier, j’___ travaillé.","[""ai"", ""suis"", ""vais"", ""as""]",ai,La plupart des verbes utilisent « avoir » au passé composé: j’ai travaillé.,Most verbs use avoir in passé composé.,« suis travaillé » n’est pas correct ici.,J’ai étudié hier.,"[""passé composé"", ""avoir"", ""être""]",2,2
a2plus-passe-compose-026,A2+,Verbes essentiels,Passé composé,quiz,Choisir le passé composé,passé,Choisis la bonne forme.,Elle ___ arrivée à 8 h.,"[""est"", ""a"", ""va"", ""sont""]",est,Le verbe « arriver » utilise souvent « être » au passé composé.,Arriver uses être in passé composé.,« a arrivée » n’est pas correct.,Elle est partie tôt.,"[""passé composé"", ""avoir"", ""être""]",2,2
a2plus-passe-compose-027,A2+,Verbes essentiels,Passé composé,quiz,Choisir le passé composé,passé,Choisis la bonne forme.,Nous ___ fini l’exercice.,"[""avons"", ""sommes"", ""allons"", ""avez""]",avons,Le verbe « finir » utilise « avoir » au passé composé.,Finir uses avoir.,« sommes fini » n’est pas correct ici.,Nous avons compris.,"[""passé composé"", ""avoir"", ""être""]",2,2
a2plus-passe-compose-028,A2+,Verbes essentiels,Passé composé,quiz,Choisir le passé composé,passé,Choisis la bonne forme.,Ils ___ allés au marché.,"[""sont"", ""ont"", ""vont"", ""étaient""]",sont,Le verbe « aller » utilise « être » au passé composé.,Aller uses être.,« ont allés » n’est pas correct.,Ils sont venus.,"[""passé composé"", ""avoir"", ""être""]",2,2
a2plus-passe-compose-029,A2+,Verbes essentiels,Passé composé,quiz,Choisir le passé composé,passé,Choisis la bonne forme.,Tu ___ mangé avant le cours?,"[""as"", ""es"", ""vas"", ""a""]",as,Le verbe « manger » utilise « avoir » au passé composé.,Manger uses avoir.,« es mangé » n’est pas correct.,Tu as parlé au professeur.,"[""passé composé"", ""avoir"", ""être""]",2,2
a2plus-passe-compose-030,A2+,Verbes essentiels,Passé composé,quiz,Choisir le passé composé,passé,Choisis la bonne forme.,Marie ___ tombée dans la rue.,"[""est"", ""a"", ""va"", ""étais""]",est,"« Tomber » utilise souvent « être » au passé composé. Avec Marie, on ajoute -e: tombée.",Tomber uses être; add -e for feminine subject.,« a tombée » est une erreur fréquente.,Elle est restée à la maison.,"[""passé composé"", ""avoir"", ""être""]",2,2
a2plus-passe-compose-031,A2+,Verbes essentiels,Passé composé,quiz,Choisir le passé composé,passé,Choisis la bonne forme.,Vous ___ déjà vu ce film?,"[""avez"", ""êtes"", ""allez"", ""ont""]",avez,Le verbe « voir » utilise « avoir » au passé composé.,Voir uses avoir.,« êtes vu » n’est pas correct ici.,Vous avez lu le message.,"[""passé composé"", ""avoir"", ""être""]",2,2
a2plus-passe-compose-032,A2+,Verbes essentiels,Passé composé,quiz,Choisir le passé composé,passé,Choisis la bonne forme.,Elles ___ sorties du métro.,"[""sont"", ""ont"", ""vont"", ""étaient""]",sont,"« Sortir » utilise souvent « être » quand il indique un déplacement. Avec « elles », on ajoute -es.",Sortir often uses être for movement; add -es with elles.,« ont sorties » n’est pas correct ici.,Elles sont entrées.,"[""passé composé"", ""avoir"", ""être""]",2,2
a2plus-imparfait-001,A2+,Verbes essentiels,Imparfait de base,quiz,Choisir l’imparfait,passé,Choisis la bonne forme.,"Quand j’étais petit, je ___ souvent au parc.","[""jouais"", ""ai joué"", ""jouer"", ""joue""]",jouais,On utilise l’imparfait pour une habitude dans le passé.,Use imparfait for past habits.,Le passé composé montre plutôt une action terminée et précise.,"Avant, je marchais tous les jours.","[""imparfait"", ""description"", ""habitude""]",2,2
a2plus-imparfait-002,A2+,Verbes essentiels,Imparfait de base,quiz,Choisir l’imparfait,passé,Choisis la bonne forme.,Il ___ froid hier matin.,"[""faisait"", ""a fait"", ""fait"", ""faire""]",faisait,On utilise souvent l’imparfait pour décrire la météo ou le contexte.,Use imparfait to describe weather/background.,"« A fait froid » est possible dans certains contextes, mais ici « faisait » est naturel.",Il y avait du vent.,"[""imparfait"", ""description"", ""habitude""]",2,2
a2plus-imparfait-003,A2+,Verbes essentiels,Imparfait de base,quiz,Choisir l’imparfait,passé,Choisis la bonne forme.,Nous ___ fatigués après le travail.,"[""étions"", ""avons été"", ""sommes"", ""être""]",étions,On utilise l’imparfait pour décrire un état dans le passé.,Use imparfait for a past state.,« sommes » est présent.,J’étais malade.,"[""imparfait"", ""description"", ""habitude""]",2,2
a2plus-imparfait-004,A2+,Verbes essentiels,Imparfait de base,quiz,Choisir l’imparfait,passé,Choisis la bonne forme.,Elle ___ un appartement près du métro.,"[""avait"", ""a eu"", ""a"", ""avoir""]",avait,On utilise l’imparfait pour décrire une situation passée.,Use imparfait for a past situation.,« a » est présent.,Ils avaient une voiture.,"[""imparfait"", ""description"", ""habitude""]",2,2
a2plus-imparfait-005,A2+,Verbes essentiels,Imparfait de base,quiz,Choisir l’imparfait,passé,Choisis la bonne forme.,"Chaque samedi, ils ___ leur famille.","[""visitaient"", ""ont visité"", ""visitent"", ""visiter""]",visitaient,"« Chaque samedi » indique une habitude passée, donc imparfait.",“Chaque samedi” signals a past habit.,Le passé composé indiquerait une visite précise.,"Tous les soirs, elle lisait.","[""imparfait"", ""description"", ""habitude""]",2,2
a2plus-imparfait-006,A2+,Verbes essentiels,Imparfait de base,quiz,Choisir l’imparfait,passé,Choisis la bonne forme.,"Quand j’étais petit, je ___ souvent au parc.","[""jouais"", ""ai joué"", ""jouer"", ""joue""]",jouais,On utilise l’imparfait pour une habitude dans le passé.,Use imparfait for past habits.,Le passé composé montre plutôt une action terminée et précise.,"Avant, je marchais tous les jours.","[""imparfait"", ""description"", ""habitude""]",2,2
a2plus-imparfait-007,A2+,Verbes essentiels,Imparfait de base,quiz,Choisir l’imparfait,passé,Choisis la bonne forme.,Il ___ froid hier matin.,"[""faisait"", ""a fait"", ""fait"", ""faire""]",faisait,On utilise souvent l’imparfait pour décrire la météo ou le contexte.,Use imparfait to describe weather/background.,"« A fait froid » est possible dans certains contextes, mais ici « faisait » est naturel.",Il y avait du vent.,"[""imparfait"", ""description"", ""habitude""]",2,2
a2plus-imparfait-008,A2+,Verbes essentiels,Imparfait de base,quiz,Choisir l’imparfait,passé,Choisis la bonne forme.,Nous ___ fatigués après le travail.,"[""étions"", ""avons été"", ""sommes"", ""être""]",étions,On utilise l’imparfait pour décrire un état dans le passé.,Use imparfait for a past state.,« sommes » est présent.,J’étais malade.,"[""imparfait"", ""description"", ""habitude""]",2,2
a2plus-imparfait-009,A2+,Verbes essentiels,Imparfait de base,quiz,Choisir l’imparfait,passé,Choisis la bonne forme.,Elle ___ un appartement près du métro.,"[""avait"", ""a eu"", ""a"", ""avoir""]",avait,On utilise l’imparfait pour décrire une situation passée.,Use imparfait for a past situation.,« a » est présent.,Ils avaient une voiture.,"[""imparfait"", ""description"", ""habitude""]",2,2
a2plus-imparfait-010,A2+,Verbes essentiels,Imparfait de base,quiz,Choisir l’imparfait,passé,Choisis la bonne forme.,"Chaque samedi, ils ___ leur famille.","[""visitaient"", ""ont visité"", ""visitent"", ""visiter""]",visitaient,"« Chaque samedi » indique une habitude passée, donc imparfait.",“Chaque samedi” signals a past habit.,Le passé composé indiquerait une visite précise.,"Tous les soirs, elle lisait.","[""imparfait"", ""description"", ""habitude""]",2,2
a2plus-imparfait-011,A2+,Verbes essentiels,Imparfait de base,quiz,Choisir l’imparfait,passé,Choisis la bonne forme.,"Quand j’étais petit, je ___ souvent au parc.","[""jouais"", ""ai joué"", ""jouer"", ""joue""]",jouais,On utilise l’imparfait pour une habitude dans le passé.,Use imparfait for past habits.,Le passé composé montre plutôt une action terminée et précise.,"Avant, je marchais tous les jours.","[""imparfait"", ""description"", ""habitude""]",2,2
a2plus-imparfait-012,A2+,Verbes essentiels,Imparfait de base,quiz,Choisir l’imparfait,passé,Choisis la bonne forme.,Il ___ froid hier matin.,"[""faisait"", ""a fait"", ""fait"", ""faire""]",faisait,On utilise souvent l’imparfait pour décrire la météo ou le contexte.,Use imparfait to describe weather/background.,"« A fait froid » est possible dans certains contextes, mais ici « faisait » est naturel.",Il y avait du vent.,"[""imparfait"", ""description"", ""habitude""]",2,2
a2plus-imparfait-013,A2+,Verbes essentiels,Imparfait de base,quiz,Choisir l’imparfait,passé,Choisis la bonne forme.,Nous ___ fatigués après le travail.,"[""étions"", ""avons été"", ""sommes"", ""être""]",étions,On utilise l’imparfait pour décrire un état dans le passé.,Use imparfait for a past state.,« sommes » est présent.,J’étais malade.,"[""imparfait"", ""description"", ""habitude""]",2,2
a2plus-imparfait-014,A2+,Verbes essentiels,Imparfait de base,quiz,Choisir l’imparfait,passé,Choisis la bonne forme.,Elle ___ un appartement près du métro.,"[""avait"", ""a eu"", ""a"", ""avoir""]",avait,On utilise l’imparfait pour décrire une situation passée.,Use imparfait for a past situation.,« a » est présent.,Ils avaient une voiture.,"[""imparfait"", ""description"", ""habitude""]",2,2
a2plus-imparfait-015,A2+,Verbes essentiels,Imparfait de base,quiz,Choisir l’imparfait,passé,Choisis la bonne forme.,"Chaque samedi, ils ___ leur famille.","[""visitaient"", ""ont visité"", ""visitent"", ""visiter""]",visitaient,"« Chaque samedi » indique une habitude passée, donc imparfait.",“Chaque samedi” signals a past habit.,Le passé composé indiquerait une visite précise.,"Tous les soirs, elle lisait.","[""imparfait"", ""description"", ""habitude""]",2,2
a2plus-imparfait-016,A2+,Verbes essentiels,Imparfait de base,quiz,Choisir l’imparfait,passé,Choisis la bonne forme.,"Quand j’étais petit, je ___ souvent au parc.","[""jouais"", ""ai joué"", ""jouer"", ""joue""]",jouais,On utilise l’imparfait pour une habitude dans le passé.,Use imparfait for past habits.,Le passé composé montre plutôt une action terminée et précise.,"Avant, je marchais tous les jours.","[""imparfait"", ""description"", ""habitude""]",2,2
a2plus-imparfait-017,A2+,Verbes essentiels,Imparfait de base,quiz,Choisir l’imparfait,passé,Choisis la bonne forme.,Il ___ froid hier matin.,"[""faisait"", ""a fait"", ""fait"", ""faire""]",faisait,On utilise souvent l’imparfait pour décrire la météo ou le contexte.,Use imparfait to describe weather/background.,"« A fait froid » est possible dans certains contextes, mais ici « faisait » est naturel.",Il y avait du vent.,"[""imparfait"", ""description"", ""habitude""]",2,2
a2plus-imparfait-018,A2+,Verbes essentiels,Imparfait de base,quiz,Choisir l’imparfait,passé,Choisis la bonne forme.,Nous ___ fatigués après le travail.,"[""étions"", ""avons été"", ""sommes"", ""être""]",étions,On utilise l’imparfait pour décrire un état dans le passé.,Use imparfait for a past state.,« sommes » est présent.,J’étais malade.,"[""imparfait"", ""description"", ""habitude""]",2,2
a2plus-imparfait-019,A2+,Verbes essentiels,Imparfait de base,quiz,Choisir l’imparfait,passé,Choisis la bonne forme.,Elle ___ un appartement près du métro.,"[""avait"", ""a eu"", ""a"", ""avoir""]",avait,On utilise l’imparfait pour décrire une situation passée.,Use imparfait for a past situation.,« a » est présent.,Ils avaient une voiture.,"[""imparfait"", ""description"", ""habitude""]",2,2
a2plus-imparfait-020,A2+,Verbes essentiels,Imparfait de base,quiz,Choisir l’imparfait,passé,Choisis la bonne forme.,"Chaque samedi, ils ___ leur famille.","[""visitaient"", ""ont visité"", ""visitent"", ""visiter""]",visitaient,"« Chaque samedi » indique une habitude passée, donc imparfait.",“Chaque samedi” signals a past habit.,Le passé composé indiquerait une visite précise.,"Tous les soirs, elle lisait.","[""imparfait"", ""description"", ""habitude""]",2,2
a2plus-imparfait-021,A2+,Verbes essentiels,Imparfait de base,quiz,Choisir l’imparfait,passé,Choisis la bonne forme.,"Quand j’étais petit, je ___ souvent au parc.","[""jouais"", ""ai joué"", ""jouer"", ""joue""]",jouais,On utilise l’imparfait pour une habitude dans le passé.,Use imparfait for past habits.,Le passé composé montre plutôt une action terminée et précise.,"Avant, je marchais tous les jours.","[""imparfait"", ""description"", ""habitude""]",2,2
a2plus-imparfait-022,A2+,Verbes essentiels,Imparfait de base,quiz,Choisir l’imparfait,passé,Choisis la bonne forme.,Il ___ froid hier matin.,"[""faisait"", ""a fait"", ""fait"", ""faire""]",faisait,On utilise souvent l’imparfait pour décrire la météo ou le contexte.,Use imparfait to describe weather/background.,"« A fait froid » est possible dans certains contextes, mais ici « faisait » est naturel.",Il y avait du vent.,"[""imparfait"", ""description"", ""habitude""]",2,2
a2plus-imparfait-023,A2+,Verbes essentiels,Imparfait de base,quiz,Choisir l’imparfait,passé,Choisis la bonne forme.,Nous ___ fatigués après le travail.,"[""étions"", ""avons été"", ""sommes"", ""être""]",étions,On utilise l’imparfait pour décrire un état dans le passé.,Use imparfait for a past state.,« sommes » est présent.,J’étais malade.,"[""imparfait"", ""description"", ""habitude""]",2,2
a2plus-imparfait-024,A2+,Verbes essentiels,Imparfait de base,quiz,Choisir l’imparfait,passé,Choisis la bonne forme.,Elle ___ un appartement près du métro.,"[""avait"", ""a eu"", ""a"", ""avoir""]",avait,On utilise l’imparfait pour décrire une situation passée.,Use imparfait for a past situation.,« a » est présent.,Ils avaient une voiture.,"[""imparfait"", ""description"", ""habitude""]",2,2
a2plus-imparfait-025,A2+,Verbes essentiels,Imparfait de base,quiz,Choisir l’imparfait,passé,Choisis la bonne forme.,"Chaque samedi, ils ___ leur famille.","[""visitaient"", ""ont visité"", ""visitent"", ""visiter""]",visitaient,"« Chaque samedi » indique une habitude passée, donc imparfait.",“Chaque samedi” signals a past habit.,Le passé composé indiquerait une visite précise.,"Tous les soirs, elle lisait.","[""imparfait"", ""description"", ""habitude""]",2,2
a2plus-pc-imparfait-001,A2+,Verbes essentiels,Passé composé ou imparfait,quiz,Choisir le temps du passé,récit,Choisis la forme qui convient.,Je ___ la rue quand j’ai vu Paul.,"[""traversais"", ""ai traversé"", ""traverse"", ""traverser""]",traversais,L’imparfait décrit l’action en cours quand une autre action arrive.,Imparfait describes an ongoing action interrupted by another.,"« ai traversé » serait une action terminée, pas le contexte en cours.",Je dormais quand le téléphone a sonné.,"[""passé composé"", ""imparfait"", ""temps du passé""]",3,2
a2plus-pc-imparfait-002,A2+,Verbes essentiels,Passé composé ou imparfait,quiz,Choisir le temps du passé,récit,Choisis la forme qui convient.,Il ___ quand je suis arrivé.,"[""pleuvait"", ""a plu"", ""pleut"", ""pleuvoir""]",pleuvait,La météo en arrière-plan se met souvent à l’imparfait.,Background weather often uses imparfait.,« a plu » insiste sur un événement complet.,Il faisait noir.,"[""passé composé"", ""imparfait"", ""temps du passé""]",3,2
a2plus-pc-imparfait-003,A2+,Verbes essentiels,Passé composé ou imparfait,quiz,Choisir le temps du passé,récit,Choisis la forme qui convient.,"Hier, elle ___ son examen.","[""a réussi"", ""réussissait"", ""réussit"", ""réussir""]",a réussi,"Pour une action terminée à un moment précis, on utilise le passé composé.",Use passé composé for a completed past action.,« réussissait » indique une action en cours ou une habitude.,"Hier, j’ai appelé ma mère.","[""passé composé"", ""imparfait"", ""temps du passé""]",3,2
a2plus-pc-imparfait-004,A2+,Verbes essentiels,Passé composé ou imparfait,quiz,Choisir le temps du passé,récit,Choisis la forme qui convient.,"Avant, je ___ beaucoup de café.","[""buvais"", ""ai bu"", ""bois"", ""boire""]",buvais,« Avant » indique souvent une habitude passée.,“Avant” often signals a past habit.,« ai bu » serait une action terminée précise.,"Avant, je travaillais le soir.","[""passé composé"", ""imparfait"", ""temps du passé""]",3,2
a2plus-pc-imparfait-005,A2+,Verbes essentiels,Passé composé ou imparfait,quiz,Choisir le temps du passé,récit,Choisis la forme qui convient.,"Soudain, le chien ___ dans la cuisine.","[""est entré"", ""entrait"", ""entre"", ""entrer""]",est entré,"« Soudain » indique une action ponctuelle, donc passé composé.",“Soudain” signals a sudden completed action.,« entrait » décrit plutôt une action en cours.,"Tout à coup, elle est partie.","[""passé composé"", ""imparfait"", ""temps du passé""]",3,2
a2plus-pc-imparfait-006,A2+,Verbes essentiels,Passé composé ou imparfait,quiz,Choisir le temps du passé,récit,Choisis la forme qui convient.,Je ___ la rue quand j’ai vu Paul.,"[""traversais"", ""ai traversé"", ""traverse"", ""traverser""]",traversais,L’imparfait décrit l’action en cours quand une autre action arrive.,Imparfait describes an ongoing action interrupted by another.,"« ai traversé » serait une action terminée, pas le contexte en cours.",Je dormais quand le téléphone a sonné.,"[""passé composé"", ""imparfait"", ""temps du passé""]",3,2
a2plus-pc-imparfait-007,A2+,Verbes essentiels,Passé composé ou imparfait,quiz,Choisir le temps du passé,récit,Choisis la forme qui convient.,Il ___ quand je suis arrivé.,"[""pleuvait"", ""a plu"", ""pleut"", ""pleuvoir""]",pleuvait,La météo en arrière-plan se met souvent à l’imparfait.,Background weather often uses imparfait.,« a plu » insiste sur un événement complet.,Il faisait noir.,"[""passé composé"", ""imparfait"", ""temps du passé""]",3,2
a2plus-pc-imparfait-008,A2+,Verbes essentiels,Passé composé ou imparfait,quiz,Choisir le temps du passé,récit,Choisis la forme qui convient.,"Hier, elle ___ son examen.","[""a réussi"", ""réussissait"", ""réussit"", ""réussir""]",a réussi,"Pour une action terminée à un moment précis, on utilise le passé composé.",Use passé composé for a completed past action.,« réussissait » indique une action en cours ou une habitude.,"Hier, j’ai appelé ma mère.","[""passé composé"", ""imparfait"", ""temps du passé""]",3,2
a2plus-pc-imparfait-009,A2+,Verbes essentiels,Passé composé ou imparfait,quiz,Choisir le temps du passé,récit,Choisis la forme qui convient.,"Avant, je ___ beaucoup de café.","[""buvais"", ""ai bu"", ""bois"", ""boire""]",buvais,« Avant » indique souvent une habitude passée.,“Avant” often signals a past habit.,« ai bu » serait une action terminée précise.,"Avant, je travaillais le soir.","[""passé composé"", ""imparfait"", ""temps du passé""]",3,2
a2plus-pc-imparfait-010,A2+,Verbes essentiels,Passé composé ou imparfait,quiz,Choisir le temps du passé,récit,Choisis la forme qui convient.,"Soudain, le chien ___ dans la cuisine.","[""est entré"", ""entrait"", ""entre"", ""entrer""]",est entré,"« Soudain » indique une action ponctuelle, donc passé composé.",“Soudain” signals a sudden completed action.,« entrait » décrit plutôt une action en cours.,"Tout à coup, elle est partie.","[""passé composé"", ""imparfait"", ""temps du passé""]",3,2
a2plus-pc-imparfait-011,A2+,Verbes essentiels,Passé composé ou imparfait,quiz,Choisir le temps du passé,récit,Choisis la forme qui convient.,Je ___ la rue quand j’ai vu Paul.,"[""traversais"", ""ai traversé"", ""traverse"", ""traverser""]",traversais,L’imparfait décrit l’action en cours quand une autre action arrive.,Imparfait describes an ongoing action interrupted by another.,"« ai traversé » serait une action terminée, pas le contexte en cours.",Je dormais quand le téléphone a sonné.,"[""passé composé"", ""imparfait"", ""temps du passé""]",3,2
a2plus-pc-imparfait-012,A2+,Verbes essentiels,Passé composé ou imparfait,quiz,Choisir le temps du passé,récit,Choisis la forme qui convient.,Il ___ quand je suis arrivé.,"[""pleuvait"", ""a plu"", ""pleut"", ""pleuvoir""]",pleuvait,La météo en arrière-plan se met souvent à l’imparfait.,Background weather often uses imparfait.,« a plu » insiste sur un événement complet.,Il faisait noir.,"[""passé composé"", ""imparfait"", ""temps du passé""]",3,2
a2plus-pc-imparfait-013,A2+,Verbes essentiels,Passé composé ou imparfait,quiz,Choisir le temps du passé,récit,Choisis la forme qui convient.,"Hier, elle ___ son examen.","[""a réussi"", ""réussissait"", ""réussit"", ""réussir""]",a réussi,"Pour une action terminée à un moment précis, on utilise le passé composé.",Use passé composé for a completed past action.,« réussissait » indique une action en cours ou une habitude.,"Hier, j’ai appelé ma mère.","[""passé composé"", ""imparfait"", ""temps du passé""]",3,2
a2plus-pc-imparfait-014,A2+,Verbes essentiels,Passé composé ou imparfait,quiz,Choisir le temps du passé,récit,Choisis la forme qui convient.,"Avant, je ___ beaucoup de café.","[""buvais"", ""ai bu"", ""bois"", ""boire""]",buvais,« Avant » indique souvent une habitude passée.,“Avant” often signals a past habit.,« ai bu » serait une action terminée précise.,"Avant, je travaillais le soir.","[""passé composé"", ""imparfait"", ""temps du passé""]",3,2
a2plus-pc-imparfait-015,A2+,Verbes essentiels,Passé composé ou imparfait,quiz,Choisir le temps du passé,récit,Choisis la forme qui convient.,"Soudain, le chien ___ dans la cuisine.","[""est entré"", ""entrait"", ""entre"", ""entrer""]",est entré,"« Soudain » indique une action ponctuelle, donc passé composé.",“Soudain” signals a sudden completed action.,« entrait » décrit plutôt une action en cours.,"Tout à coup, elle est partie.","[""passé composé"", ""imparfait"", ""temps du passé""]",3,2
a2plus-pc-imparfait-016,A2+,Verbes essentiels,Passé composé ou imparfait,quiz,Choisir le temps du passé,récit,Choisis la forme qui convient.,Je ___ la rue quand j’ai vu Paul.,"[""traversais"", ""ai traversé"", ""traverse"", ""traverser""]",traversais,L’imparfait décrit l’action en cours quand une autre action arrive.,Imparfait describes an ongoing action interrupted by another.,"« ai traversé » serait une action terminée, pas le contexte en cours.",Je dormais quand le téléphone a sonné.,"[""passé composé"", ""imparfait"", ""temps du passé""]",3,2
a2plus-pc-imparfait-017,A2+,Verbes essentiels,Passé composé ou imparfait,quiz,Choisir le temps du passé,récit,Choisis la forme qui convient.,Il ___ quand je suis arrivé.,"[""pleuvait"", ""a plu"", ""pleut"", ""pleuvoir""]",pleuvait,La météo en arrière-plan se met souvent à l’imparfait.,Background weather often uses imparfait.,« a plu » insiste sur un événement complet.,Il faisait noir.,"[""passé composé"", ""imparfait"", ""temps du passé""]",3,2
a2plus-pc-imparfait-018,A2+,Verbes essentiels,Passé composé ou imparfait,quiz,Choisir le temps du passé,récit,Choisis la forme qui convient.,"Hier, elle ___ son examen.","[""a réussi"", ""réussissait"", ""réussit"", ""réussir""]",a réussi,"Pour une action terminée à un moment précis, on utilise le passé composé.",Use passé composé for a completed past action.,« réussissait » indique une action en cours ou une habitude.,"Hier, j’ai appelé ma mère.","[""passé composé"", ""imparfait"", ""temps du passé""]",3,2
a2plus-pc-imparfait-019,A2+,Verbes essentiels,Passé composé ou imparfait,quiz,Choisir le temps du passé,récit,Choisis la forme qui convient.,"Avant, je ___ beaucoup de café.","[""buvais"", ""ai bu"", ""bois"", ""boire""]",buvais,« Avant » indique souvent une habitude passée.,“Avant” often signals a past habit.,« ai bu » serait une action terminée précise.,"Avant, je travaillais le soir.","[""passé composé"", ""imparfait"", ""temps du passé""]",3,2
a2plus-pc-imparfait-020,A2+,Verbes essentiels,Passé composé ou imparfait,quiz,Choisir le temps du passé,récit,Choisis la forme qui convient.,"Soudain, le chien ___ dans la cuisine.","[""est entré"", ""entrait"", ""entre"", ""entrer""]",est entré,"« Soudain » indique une action ponctuelle, donc passé composé.",“Soudain” signals a sudden completed action.,« entrait » décrit plutôt une action en cours.,"Tout à coup, elle est partie.","[""passé composé"", ""imparfait"", ""temps du passé""]",3,2
a2plus-pc-imparfait-021,A2+,Verbes essentiels,Passé composé ou imparfait,quiz,Choisir le temps du passé,récit,Choisis la forme qui convient.,Je ___ la rue quand j’ai vu Paul.,"[""traversais"", ""ai traversé"", ""traverse"", ""traverser""]",traversais,L’imparfait décrit l’action en cours quand une autre action arrive.,Imparfait describes an ongoing action interrupted by another.,"« ai traversé » serait une action terminée, pas le contexte en cours.",Je dormais quand le téléphone a sonné.,"[""passé composé"", ""imparfait"", ""temps du passé""]",3,2
a2plus-pc-imparfait-022,A2+,Verbes essentiels,Passé composé ou imparfait,quiz,Choisir le temps du passé,récit,Choisis la forme qui convient.,Il ___ quand je suis arrivé.,"[""pleuvait"", ""a plu"", ""pleut"", ""pleuvoir""]",pleuvait,La météo en arrière-plan se met souvent à l’imparfait.,Background weather often uses imparfait.,« a plu » insiste sur un événement complet.,Il faisait noir.,"[""passé composé"", ""imparfait"", ""temps du passé""]",3,2
a2plus-pc-imparfait-023,A2+,Verbes essentiels,Passé composé ou imparfait,quiz,Choisir le temps du passé,récit,Choisis la forme qui convient.,"Hier, elle ___ son examen.","[""a réussi"", ""réussissait"", ""réussit"", ""réussir""]",a réussi,"Pour une action terminée à un moment précis, on utilise le passé composé.",Use passé composé for a completed past action.,« réussissait » indique une action en cours ou une habitude.,"Hier, j’ai appelé ma mère.","[""passé composé"", ""imparfait"", ""temps du passé""]",3,2
a2plus-pc-imparfait-024,A2+,Verbes essentiels,Passé composé ou imparfait,quiz,Choisir le temps du passé,récit,Choisis la forme qui convient.,"Avant, je ___ beaucoup de café.","[""buvais"", ""ai bu"", ""bois"", ""boire""]",buvais,« Avant » indique souvent une habitude passée.,“Avant” often signals a past habit.,« ai bu » serait une action terminée précise.,"Avant, je travaillais le soir.","[""passé composé"", ""imparfait"", ""temps du passé""]",3,2
a2plus-pc-imparfait-025,A2+,Verbes essentiels,Passé composé ou imparfait,quiz,Choisir le temps du passé,récit,Choisis la forme qui convient.,"Soudain, le chien ___ dans la cuisine.","[""est entré"", ""entrait"", ""entre"", ""entrer""]",est entré,"« Soudain » indique une action ponctuelle, donc passé composé.",“Soudain” signals a sudden completed action.,« entrait » décrit plutôt une action en cours.,"Tout à coup, elle est partie.","[""passé composé"", ""imparfait"", ""temps du passé""]",3,2
a2plus-negation-001,A2+,Structure de phrase,Négation,quiz,Choisir la négation,quotidien,Choisis la bonne négation.,Je ne mange ___ viande.,"[""pas de"", ""pas du"", ""pas la"", ""pas des""]",pas de,"Après une négation, on utilise souvent « de » au lieu d’un partitif.","After negation, use “de” instead of a partitive.","« pas du viande » est impossible, et « viande » est féminin.",Je ne bois pas de lait.,"[""négation"", ""pas de"", ""jamais"", ""plus""]",2,2
a2plus-negation-002,A2+,Structure de phrase,Négation,quiz,Choisir la négation,quotidien,Choisis la bonne négation.,Il n’a ___ argent.,"[""pas d’"", ""pas de l’"", ""pas un"", ""pas du""]",pas d’,"Devant une voyelle, « de » devient « d’ ».","Before a vowel, de becomes d’.",« pas de argent » est moins naturel à cause de la voyelle.,Je n’ai pas d’idée.,"[""négation"", ""pas de"", ""jamais"", ""plus""]",2,2
a2plus-negation-003,A2+,Structure de phrase,Négation,quiz,Choisir la négation,quotidien,Choisis la bonne négation.,Elle ne vient ___ ici.,"[""jamais"", ""rien"", ""personne"", ""plus de""]",jamais,« Ne... jamais » exprime la fréquence zéro.,Ne... jamais means never.,"« rien » concerne une chose, pas une fréquence.",Je ne travaille jamais le dimanche.,"[""négation"", ""pas de"", ""jamais"", ""plus""]",2,2
a2plus-negation-004,A2+,Structure de phrase,Négation,quiz,Choisir la négation,quotidien,Choisis la bonne négation.,Nous ne comprenons ___ cette phrase.,"[""pas"", ""rien"", ""jamais"", ""personne""]",pas,La négation simple est « ne... pas ».,Simple negation is ne... pas.,"« rien » signifie nothing, mais ici il faut nier le verbe.",Je ne sais pas.,"[""négation"", ""pas de"", ""jamais"", ""plus""]",2,2
a2plus-negation-005,A2+,Structure de phrase,Négation,quiz,Choisir la négation,quotidien,Choisis la bonne négation.,Je ne veux ___ parler maintenant.,"[""plus"", ""pas de"", ""jamais de"", ""rien de""]",plus,"« Ne... plus » signifie que l’action était vraie avant, mais pas maintenant.",Ne... plus means no longer.,« pas de parler » n’est pas correct ici.,Je ne travaille plus là-bas.,"[""négation"", ""pas de"", ""jamais"", ""plus""]",2,2
a2plus-negation-006,A2+,Structure de phrase,Négation,quiz,Choisir la négation,quotidien,Choisis la bonne négation.,Je ne mange ___ viande.,"[""pas de"", ""pas du"", ""pas la"", ""pas des""]",pas de,"Après une négation, on utilise souvent « de » au lieu d’un partitif.","After negation, use “de” instead of a partitive.","« pas du viande » est impossible, et « viande » est féminin.",Je ne bois pas de lait.,"[""négation"", ""pas de"", ""jamais"", ""plus""]",2,2
a2plus-negation-007,A2+,Structure de phrase,Négation,quiz,Choisir la négation,quotidien,Choisis la bonne négation.,Il n’a ___ argent.,"[""pas d’"", ""pas de l’"", ""pas un"", ""pas du""]",pas d’,"Devant une voyelle, « de » devient « d’ ».","Before a vowel, de becomes d’.",« pas de argent » est moins naturel à cause de la voyelle.,Je n’ai pas d’idée.,"[""négation"", ""pas de"", ""jamais"", ""plus""]",2,2
a2plus-negation-008,A2+,Structure de phrase,Négation,quiz,Choisir la négation,quotidien,Choisis la bonne négation.,Elle ne vient ___ ici.,"[""jamais"", ""rien"", ""personne"", ""plus de""]",jamais,« Ne... jamais » exprime la fréquence zéro.,Ne... jamais means never.,"« rien » concerne une chose, pas une fréquence.",Je ne travaille jamais le dimanche.,"[""négation"", ""pas de"", ""jamais"", ""plus""]",2,2
a2plus-negation-009,A2+,Structure de phrase,Négation,quiz,Choisir la négation,quotidien,Choisis la bonne négation.,Nous ne comprenons ___ cette phrase.,"[""pas"", ""rien"", ""jamais"", ""personne""]",pas,La négation simple est « ne... pas ».,Simple negation is ne... pas.,"« rien » signifie nothing, mais ici il faut nier le verbe.",Je ne sais pas.,"[""négation"", ""pas de"", ""jamais"", ""plus""]",2,2
a2plus-negation-010,A2+,Structure de phrase,Négation,quiz,Choisir la négation,quotidien,Choisis la bonne négation.,Je ne veux ___ parler maintenant.,"[""plus"", ""pas de"", ""jamais de"", ""rien de""]",plus,"« Ne... plus » signifie que l’action était vraie avant, mais pas maintenant.",Ne... plus means no longer.,« pas de parler » n’est pas correct ici.,Je ne travaille plus là-bas.,"[""négation"", ""pas de"", ""jamais"", ""plus""]",2,2
a2plus-negation-011,A2+,Structure de phrase,Négation,quiz,Choisir la négation,quotidien,Choisis la bonne négation.,Je ne mange ___ viande.,"[""pas de"", ""pas du"", ""pas la"", ""pas des""]",pas de,"Après une négation, on utilise souvent « de » au lieu d’un partitif.","After negation, use “de” instead of a partitive.","« pas du viande » est impossible, et « viande » est féminin.",Je ne bois pas de lait.,"[""négation"", ""pas de"", ""jamais"", ""plus""]",2,2
a2plus-negation-012,A2+,Structure de phrase,Négation,quiz,Choisir la négation,quotidien,Choisis la bonne négation.,Il n’a ___ argent.,"[""pas d’"", ""pas de l’"", ""pas un"", ""pas du""]",pas d’,"Devant une voyelle, « de » devient « d’ ».","Before a vowel, de becomes d’.",« pas de argent » est moins naturel à cause de la voyelle.,Je n’ai pas d’idée.,"[""négation"", ""pas de"", ""jamais"", ""plus""]",2,2
a2plus-negation-013,A2+,Structure de phrase,Négation,quiz,Choisir la négation,quotidien,Choisis la bonne négation.,Elle ne vient ___ ici.,"[""jamais"", ""rien"", ""personne"", ""plus de""]",jamais,« Ne... jamais » exprime la fréquence zéro.,Ne... jamais means never.,"« rien » concerne une chose, pas une fréquence.",Je ne travaille jamais le dimanche.,"[""négation"", ""pas de"", ""jamais"", ""plus""]",2,2
a2plus-negation-014,A2+,Structure de phrase,Négation,quiz,Choisir la négation,quotidien,Choisis la bonne négation.,Nous ne comprenons ___ cette phrase.,"[""pas"", ""rien"", ""jamais"", ""personne""]",pas,La négation simple est « ne... pas ».,Simple negation is ne... pas.,"« rien » signifie nothing, mais ici il faut nier le verbe.",Je ne sais pas.,"[""négation"", ""pas de"", ""jamais"", ""plus""]",2,2
a2plus-negation-015,A2+,Structure de phrase,Négation,quiz,Choisir la négation,quotidien,Choisis la bonne négation.,Je ne veux ___ parler maintenant.,"[""plus"", ""pas de"", ""jamais de"", ""rien de""]",plus,"« Ne... plus » signifie que l’action était vraie avant, mais pas maintenant.",Ne... plus means no longer.,« pas de parler » n’est pas correct ici.,Je ne travaille plus là-bas.,"[""négation"", ""pas de"", ""jamais"", ""plus""]",2,2
a2plus-negation-016,A2+,Structure de phrase,Négation,quiz,Choisir la négation,quotidien,Choisis la bonne négation.,Je ne mange ___ viande.,"[""pas de"", ""pas du"", ""pas la"", ""pas des""]",pas de,"Après une négation, on utilise souvent « de » au lieu d’un partitif.","After negation, use “de” instead of a partitive.","« pas du viande » est impossible, et « viande » est féminin.",Je ne bois pas de lait.,"[""négation"", ""pas de"", ""jamais"", ""plus""]",2,2
a2plus-negation-017,A2+,Structure de phrase,Négation,quiz,Choisir la négation,quotidien,Choisis la bonne négation.,Il n’a ___ argent.,"[""pas d’"", ""pas de l’"", ""pas un"", ""pas du""]",pas d’,"Devant une voyelle, « de » devient « d’ ».","Before a vowel, de becomes d’.",« pas de argent » est moins naturel à cause de la voyelle.,Je n’ai pas d’idée.,"[""négation"", ""pas de"", ""jamais"", ""plus""]",2,2
a2plus-negation-018,A2+,Structure de phrase,Négation,quiz,Choisir la négation,quotidien,Choisis la bonne négation.,Elle ne vient ___ ici.,"[""jamais"", ""rien"", ""personne"", ""plus de""]",jamais,« Ne... jamais » exprime la fréquence zéro.,Ne... jamais means never.,"« rien » concerne une chose, pas une fréquence.",Je ne travaille jamais le dimanche.,"[""négation"", ""pas de"", ""jamais"", ""plus""]",2,2
a2plus-negation-019,A2+,Structure de phrase,Négation,quiz,Choisir la négation,quotidien,Choisis la bonne négation.,Nous ne comprenons ___ cette phrase.,"[""pas"", ""rien"", ""jamais"", ""personne""]",pas,La négation simple est « ne... pas ».,Simple negation is ne... pas.,"« rien » signifie nothing, mais ici il faut nier le verbe.",Je ne sais pas.,"[""négation"", ""pas de"", ""jamais"", ""plus""]",2,2
a2plus-negation-020,A2+,Structure de phrase,Négation,quiz,Choisir la négation,quotidien,Choisis la bonne négation.,Je ne veux ___ parler maintenant.,"[""plus"", ""pas de"", ""jamais de"", ""rien de""]",plus,"« Ne... plus » signifie que l’action était vraie avant, mais pas maintenant.",Ne... plus means no longer.,« pas de parler » n’est pas correct ici.,Je ne travaille plus là-bas.,"[""négation"", ""pas de"", ""jamais"", ""plus""]",2,2
a2plus-negation-021,A2+,Structure de phrase,Négation,quiz,Choisir la négation,quotidien,Choisis la bonne négation.,Je ne mange ___ viande.,"[""pas de"", ""pas du"", ""pas la"", ""pas des""]",pas de,"Après une négation, on utilise souvent « de » au lieu d’un partitif.","After negation, use “de” instead of a partitive.","« pas du viande » est impossible, et « viande » est féminin.",Je ne bois pas de lait.,"[""négation"", ""pas de"", ""jamais"", ""plus""]",2,2
a2plus-negation-022,A2+,Structure de phrase,Négation,quiz,Choisir la négation,quotidien,Choisis la bonne négation.,Il n’a ___ argent.,"[""pas d’"", ""pas de l’"", ""pas un"", ""pas du""]",pas d’,"Devant une voyelle, « de » devient « d’ ».","Before a vowel, de becomes d’.",« pas de argent » est moins naturel à cause de la voyelle.,Je n’ai pas d’idée.,"[""négation"", ""pas de"", ""jamais"", ""plus""]",2,2
a2plus-negation-023,A2+,Structure de phrase,Négation,quiz,Choisir la négation,quotidien,Choisis la bonne négation.,Elle ne vient ___ ici.,"[""jamais"", ""rien"", ""personne"", ""plus de""]",jamais,« Ne... jamais » exprime la fréquence zéro.,Ne... jamais means never.,"« rien » concerne une chose, pas une fréquence.",Je ne travaille jamais le dimanche.,"[""négation"", ""pas de"", ""jamais"", ""plus""]",2,2
a2plus-negation-024,A2+,Structure de phrase,Négation,quiz,Choisir la négation,quotidien,Choisis la bonne négation.,Nous ne comprenons ___ cette phrase.,"[""pas"", ""rien"", ""jamais"", ""personne""]",pas,La négation simple est « ne... pas ».,Simple negation is ne... pas.,"« rien » signifie nothing, mais ici il faut nier le verbe.",Je ne sais pas.,"[""négation"", ""pas de"", ""jamais"", ""plus""]",2,2
a2plus-negation-025,A2+,Structure de phrase,Négation,quiz,Choisir la négation,quotidien,Choisis la bonne négation.,Je ne veux ___ parler maintenant.,"[""plus"", ""pas de"", ""jamais de"", ""rien de""]",plus,"« Ne... plus » signifie que l’action était vraie avant, mais pas maintenant.",Ne... plus means no longer.,« pas de parler » n’est pas correct ici.,Je ne travaille plus là-bas.,"[""négation"", ""pas de"", ""jamais"", ""plus""]",2,2
a2plus-pronoms-001,A2+,Pronoms,Pronoms compléments simples,quiz,Choisir le pronom,communication,Choisis le bon pronom.,Je vois Marie. Je ___ vois.,"[""la"", ""le"", ""lui"", ""leur""]",la,"« Marie » est une personne féminine, complément direct. On utilise « la ».","Marie is feminine direct object, use la.",« lui » est un complément indirect.,Je vois la voiture. Je la vois.,"[""pronoms"", ""COD"", ""COI"", ""le la les lui leur""]",3,2
a2plus-pronoms-002,A2+,Pronoms,Pronoms compléments simples,quiz,Choisir le pronom,communication,Choisis le bon pronom.,J’appelle mes parents. Je ___ appelle.,"[""les"", ""leur"", ""lui"", ""la""]",les,"« Mes parents » est pluriel et complément direct, donc « les ».",Plural direct object: les.,« leur » est indirect: je leur parle.,Je les connais.,"[""pronoms"", ""COD"", ""COI"", ""le la les lui leur""]",3,2
a2plus-pronoms-003,A2+,Pronoms,Pronoms compléments simples,quiz,Choisir le pronom,communication,Choisis le bon pronom.,Je parle à Paul. Je ___ parle.,"[""lui"", ""le"", ""la"", ""les""]",lui,"Avec « parler à quelqu’un », on utilise un complément indirect: lui.",Parler à takes indirect object: lui.,« le » serait pour un complément direct.,Je téléphone à Marie. Je lui téléphone.,"[""pronoms"", ""COD"", ""COI"", ""le la les lui leur""]",3,2
a2plus-pronoms-004,A2+,Pronoms,Pronoms compléments simples,quiz,Choisir le pronom,communication,Choisis le bon pronom.,Elle donne le livre aux enfants. Elle ___ donne le livre.,"[""leur"", ""les"", ""lui"", ""la""]",leur,"« Aux enfants » est pluriel indirect, donc « leur ».",Plural indirect object: leur.,« les » est direct.,Je leur explique la règle.,"[""pronoms"", ""COD"", ""COI"", ""le la les lui leur""]",3,2
a2plus-pronoms-005,A2+,Pronoms,Pronoms compléments simples,quiz,Choisir le pronom,communication,Choisis le bon pronom.,"Tu prends le métro? Oui, je ___ prends.","[""le"", ""la"", ""lui"", ""leur""]",le,« Le métro » est masculin singulier et complément direct.,Masculine singular direct object: le.,« lui » est indirect.,Je le prends le matin.,"[""pronoms"", ""COD"", ""COI"", ""le la les lui leur""]",3,2
a2plus-pronoms-006,A2+,Pronoms,Pronoms compléments simples,quiz,Choisir le pronom,communication,Choisis le bon pronom.,Je vois Marie. Je ___ vois.,"[""la"", ""le"", ""lui"", ""leur""]",la,"« Marie » est une personne féminine, complément direct. On utilise « la ».","Marie is feminine direct object, use la.",« lui » est un complément indirect.,Je vois la voiture. Je la vois.,"[""pronoms"", ""COD"", ""COI"", ""le la les lui leur""]",3,2
a2plus-pronoms-007,A2+,Pronoms,Pronoms compléments simples,quiz,Choisir le pronom,communication,Choisis le bon pronom.,J’appelle mes parents. Je ___ appelle.,"[""les"", ""leur"", ""lui"", ""la""]",les,"« Mes parents » est pluriel et complément direct, donc « les ».",Plural direct object: les.,« leur » est indirect: je leur parle.,Je les connais.,"[""pronoms"", ""COD"", ""COI"", ""le la les lui leur""]",3,2
a2plus-pronoms-008,A2+,Pronoms,Pronoms compléments simples,quiz,Choisir le pronom,communication,Choisis le bon pronom.,Je parle à Paul. Je ___ parle.,"[""lui"", ""le"", ""la"", ""les""]",lui,"Avec « parler à quelqu’un », on utilise un complément indirect: lui.",Parler à takes indirect object: lui.,« le » serait pour un complément direct.,Je téléphone à Marie. Je lui téléphone.,"[""pronoms"", ""COD"", ""COI"", ""le la les lui leur""]",3,2
a2plus-pronoms-009,A2+,Pronoms,Pronoms compléments simples,quiz,Choisir le pronom,communication,Choisis le bon pronom.,Elle donne le livre aux enfants. Elle ___ donne le livre.,"[""leur"", ""les"", ""lui"", ""la""]",leur,"« Aux enfants » est pluriel indirect, donc « leur ».",Plural indirect object: leur.,« les » est direct.,Je leur explique la règle.,"[""pronoms"", ""COD"", ""COI"", ""le la les lui leur""]",3,2
a2plus-pronoms-010,A2+,Pronoms,Pronoms compléments simples,quiz,Choisir le pronom,communication,Choisis le bon pronom.,"Tu prends le métro? Oui, je ___ prends.","[""le"", ""la"", ""lui"", ""leur""]",le,« Le métro » est masculin singulier et complément direct.,Masculine singular direct object: le.,« lui » est indirect.,Je le prends le matin.,"[""pronoms"", ""COD"", ""COI"", ""le la les lui leur""]",3,2
a2plus-pronoms-011,A2+,Pronoms,Pronoms compléments simples,quiz,Choisir le pronom,communication,Choisis le bon pronom.,Je vois Marie. Je ___ vois.,"[""la"", ""le"", ""lui"", ""leur""]",la,"« Marie » est une personne féminine, complément direct. On utilise « la ».","Marie is feminine direct object, use la.",« lui » est un complément indirect.,Je vois la voiture. Je la vois.,"[""pronoms"", ""COD"", ""COI"", ""le la les lui leur""]",3,2
a2plus-pronoms-012,A2+,Pronoms,Pronoms compléments simples,quiz,Choisir le pronom,communication,Choisis le bon pronom.,J’appelle mes parents. Je ___ appelle.,"[""les"", ""leur"", ""lui"", ""la""]",les,"« Mes parents » est pluriel et complément direct, donc « les ».",Plural direct object: les.,« leur » est indirect: je leur parle.,Je les connais.,"[""pronoms"", ""COD"", ""COI"", ""le la les lui leur""]",3,2
a2plus-pronoms-013,A2+,Pronoms,Pronoms compléments simples,quiz,Choisir le pronom,communication,Choisis le bon pronom.,Je parle à Paul. Je ___ parle.,"[""lui"", ""le"", ""la"", ""les""]",lui,"Avec « parler à quelqu’un », on utilise un complément indirect: lui.",Parler à takes indirect object: lui.,« le » serait pour un complément direct.,Je téléphone à Marie. Je lui téléphone.,"[""pronoms"", ""COD"", ""COI"", ""le la les lui leur""]",3,2
a2plus-pronoms-014,A2+,Pronoms,Pronoms compléments simples,quiz,Choisir le pronom,communication,Choisis le bon pronom.,Elle donne le livre aux enfants. Elle ___ donne le livre.,"[""leur"", ""les"", ""lui"", ""la""]",leur,"« Aux enfants » est pluriel indirect, donc « leur ».",Plural indirect object: leur.,« les » est direct.,Je leur explique la règle.,"[""pronoms"", ""COD"", ""COI"", ""le la les lui leur""]",3,2
a2plus-pronoms-015,A2+,Pronoms,Pronoms compléments simples,quiz,Choisir le pronom,communication,Choisis le bon pronom.,"Tu prends le métro? Oui, je ___ prends.","[""le"", ""la"", ""lui"", ""leur""]",le,« Le métro » est masculin singulier et complément direct.,Masculine singular direct object: le.,« lui » est indirect.,Je le prends le matin.,"[""pronoms"", ""COD"", ""COI"", ""le la les lui leur""]",3,2
a2plus-pronoms-016,A2+,Pronoms,Pronoms compléments simples,quiz,Choisir le pronom,communication,Choisis le bon pronom.,Je vois Marie. Je ___ vois.,"[""la"", ""le"", ""lui"", ""leur""]",la,"« Marie » est une personne féminine, complément direct. On utilise « la ».","Marie is feminine direct object, use la.",« lui » est un complément indirect.,Je vois la voiture. Je la vois.,"[""pronoms"", ""COD"", ""COI"", ""le la les lui leur""]",3,2
a2plus-pronoms-017,A2+,Pronoms,Pronoms compléments simples,quiz,Choisir le pronom,communication,Choisis le bon pronom.,J’appelle mes parents. Je ___ appelle.,"[""les"", ""leur"", ""lui"", ""la""]",les,"« Mes parents » est pluriel et complément direct, donc « les ».",Plural direct object: les.,« leur » est indirect: je leur parle.,Je les connais.,"[""pronoms"", ""COD"", ""COI"", ""le la les lui leur""]",3,2
a2plus-pronoms-018,A2+,Pronoms,Pronoms compléments simples,quiz,Choisir le pronom,communication,Choisis le bon pronom.,Je parle à Paul. Je ___ parle.,"[""lui"", ""le"", ""la"", ""les""]",lui,"Avec « parler à quelqu’un », on utilise un complément indirect: lui.",Parler à takes indirect object: lui.,« le » serait pour un complément direct.,Je téléphone à Marie. Je lui téléphone.,"[""pronoms"", ""COD"", ""COI"", ""le la les lui leur""]",3,2
a2plus-pronoms-019,A2+,Pronoms,Pronoms compléments simples,quiz,Choisir le pronom,communication,Choisis le bon pronom.,Elle donne le livre aux enfants. Elle ___ donne le livre.,"[""leur"", ""les"", ""lui"", ""la""]",leur,"« Aux enfants » est pluriel indirect, donc « leur ».",Plural indirect object: leur.,« les » est direct.,Je leur explique la règle.,"[""pronoms"", ""COD"", ""COI"", ""le la les lui leur""]",3,2
a2plus-pronoms-020,A2+,Pronoms,Pronoms compléments simples,quiz,Choisir le pronom,communication,Choisis le bon pronom.,"Tu prends le métro? Oui, je ___ prends.","[""le"", ""la"", ""lui"", ""leur""]",le,« Le métro » est masculin singulier et complément direct.,Masculine singular direct object: le.,« lui » est indirect.,Je le prends le matin.,"[""pronoms"", ""COD"", ""COI"", ""le la les lui leur""]",3,2
a2plus-pronoms-021,A2+,Pronoms,Pronoms compléments simples,quiz,Choisir le pronom,communication,Choisis le bon pronom.,Je vois Marie. Je ___ vois.,"[""la"", ""le"", ""lui"", ""leur""]",la,"« Marie » est une personne féminine, complément direct. On utilise « la ».","Marie is feminine direct object, use la.",« lui » est un complément indirect.,Je vois la voiture. Je la vois.,"[""pronoms"", ""COD"", ""COI"", ""le la les lui leur""]",3,2
a2plus-pronoms-022,A2+,Pronoms,Pronoms compléments simples,quiz,Choisir le pronom,communication,Choisis le bon pronom.,J’appelle mes parents. Je ___ appelle.,"[""les"", ""leur"", ""lui"", ""la""]",les,"« Mes parents » est pluriel et complément direct, donc « les ».",Plural direct object: les.,« leur » est indirect: je leur parle.,Je les connais.,"[""pronoms"", ""COD"", ""COI"", ""le la les lui leur""]",3,2
a2plus-pronoms-023,A2+,Pronoms,Pronoms compléments simples,quiz,Choisir le pronom,communication,Choisis le bon pronom.,Je parle à Paul. Je ___ parle.,"[""lui"", ""le"", ""la"", ""les""]",lui,"Avec « parler à quelqu’un », on utilise un complément indirect: lui.",Parler à takes indirect object: lui.,« le » serait pour un complément direct.,Je téléphone à Marie. Je lui téléphone.,"[""pronoms"", ""COD"", ""COI"", ""le la les lui leur""]",3,2
a2plus-pronoms-024,A2+,Pronoms,Pronoms compléments simples,quiz,Choisir le pronom,communication,Choisis le bon pronom.,Elle donne le livre aux enfants. Elle ___ donne le livre.,"[""leur"", ""les"", ""lui"", ""la""]",leur,"« Aux enfants » est pluriel indirect, donc « leur ».",Plural indirect object: leur.,« les » est direct.,Je leur explique la règle.,"[""pronoms"", ""COD"", ""COI"", ""le la les lui leur""]",3,2
a2plus-pronoms-025,A2+,Pronoms,Pronoms compléments simples,quiz,Choisir le pronom,communication,Choisis le bon pronom.,"Tu prends le métro? Oui, je ___ prends.","[""le"", ""la"", ""lui"", ""leur""]",le,« Le métro » est masculin singulier et complément direct.,Masculine singular direct object: le.,« lui » est indirect.,Je le prends le matin.,"[""pronoms"", ""COD"", ""COI"", ""le la les lui leur""]",3,2
b1-conditionnel-poli-001,B1,Communication quotidienne,Conditionnel poli,quiz,Formuler poliment,service,Choisis la phrase la plus polie.,"Je ___ prendre rendez-vous, s’il vous plaît.","[""voudrais"", ""veux"", ""voudrai"", ""voulais""]",voudrais,« Je voudrais » est une forme polie avec le conditionnel.,Je voudrais is polite conditional.,« Je veux » est plus direct et moins poli.,J’aimerais poser une question.,"[""conditionnel"", ""politesse"", ""demande""]",3,2
b1-conditionnel-poli-002,B1,Communication quotidienne,Conditionnel poli,quiz,Formuler poliment,service,Choisis la phrase la plus polie.,___-vous m’aider?,"[""Pourriez"", ""Pouvez"", ""Pouviez"", ""Pourrez""]",Pourriez,« Pourriez-vous » est une demande polie au conditionnel.,Pourriez-vous is polite.,"« Pouvez-vous » est correct, mais moins doux.",Pourriez-vous répéter?,"[""conditionnel"", ""politesse"", ""demande""]",3,2
b1-conditionnel-poli-003,B1,Communication quotidienne,Conditionnel poli,quiz,Formuler poliment,service,Choisis la phrase la plus polie.,Il ___ possible de changer l’heure?,"[""serait"", ""sera"", ""était"", ""est""]",serait,« Il serait possible » est une formule polie.,Il serait possible is polite conditional.,« Il est possible » est correct mais plus direct.,Serait-il possible de confirmer?,"[""conditionnel"", ""politesse"", ""demande""]",3,2
b1-conditionnel-poli-004,B1,Communication quotidienne,Conditionnel poli,quiz,Formuler poliment,service,Choisis la phrase la plus polie.,Nous ___ savoir le prix.,"[""aimerions"", ""aimons"", ""aimerons"", ""aimions""]",aimerions,« Nous aimerions » exprime une demande polie.,Nous aimerions is a polite request.,« aimons » exprime un goût au présent.,Nous aimerions participer.,"[""conditionnel"", ""politesse"", ""demande""]",3,2
b1-conditionnel-poli-005,B1,Communication quotidienne,Conditionnel poli,quiz,Formuler poliment,service,Choisis la phrase la plus polie.,Tu ___ venir demain?,"[""pourrais"", ""peux"", ""pourras"", ""pouvais""]",pourrais,"Dans une question informelle, « tu pourrais » est plus doux que « tu peux ».",Tu pourrais is softer than tu peux.,"« pourras » parle du futur, pas de la politesse.",Tu pourrais m’appeler?,"[""conditionnel"", ""politesse"", ""demande""]",3,2
b1-conditionnel-poli-006,B1,Communication quotidienne,Conditionnel poli,quiz,Formuler poliment,service,Choisis la phrase la plus polie.,"Je ___ prendre rendez-vous, s’il vous plaît.","[""voudrais"", ""veux"", ""voudrai"", ""voulais""]",voudrais,« Je voudrais » est une forme polie avec le conditionnel.,Je voudrais is polite conditional.,« Je veux » est plus direct et moins poli.,J’aimerais poser une question.,"[""conditionnel"", ""politesse"", ""demande""]",3,2
b1-conditionnel-poli-007,B1,Communication quotidienne,Conditionnel poli,quiz,Formuler poliment,service,Choisis la phrase la plus polie.,___-vous m’aider?,"[""Pourriez"", ""Pouvez"", ""Pouviez"", ""Pourrez""]",Pourriez,« Pourriez-vous » est une demande polie au conditionnel.,Pourriez-vous is polite.,"« Pouvez-vous » est correct, mais moins doux.",Pourriez-vous répéter?,"[""conditionnel"", ""politesse"", ""demande""]",3,2
b1-conditionnel-poli-008,B1,Communication quotidienne,Conditionnel poli,quiz,Formuler poliment,service,Choisis la phrase la plus polie.,Il ___ possible de changer l’heure?,"[""serait"", ""sera"", ""était"", ""est""]",serait,« Il serait possible » est une formule polie.,Il serait possible is polite conditional.,« Il est possible » est correct mais plus direct.,Serait-il possible de confirmer?,"[""conditionnel"", ""politesse"", ""demande""]",3,2
b1-conditionnel-poli-009,B1,Communication quotidienne,Conditionnel poli,quiz,Formuler poliment,service,Choisis la phrase la plus polie.,Nous ___ savoir le prix.,"[""aimerions"", ""aimons"", ""aimerons"", ""aimions""]",aimerions,« Nous aimerions » exprime une demande polie.,Nous aimerions is a polite request.,« aimons » exprime un goût au présent.,Nous aimerions participer.,"[""conditionnel"", ""politesse"", ""demande""]",3,2
b1-conditionnel-poli-010,B1,Communication quotidienne,Conditionnel poli,quiz,Formuler poliment,service,Choisis la phrase la plus polie.,Tu ___ venir demain?,"[""pourrais"", ""peux"", ""pourras"", ""pouvais""]",pourrais,"Dans une question informelle, « tu pourrais » est plus doux que « tu peux ».",Tu pourrais is softer than tu peux.,"« pourras » parle du futur, pas de la politesse.",Tu pourrais m’appeler?,"[""conditionnel"", ""politesse"", ""demande""]",3,2
b1-conditionnel-poli-011,B1,Communication quotidienne,Conditionnel poli,quiz,Formuler poliment,service,Choisis la phrase la plus polie.,"Je ___ prendre rendez-vous, s’il vous plaît.","[""voudrais"", ""veux"", ""voudrai"", ""voulais""]",voudrais,« Je voudrais » est une forme polie avec le conditionnel.,Je voudrais is polite conditional.,« Je veux » est plus direct et moins poli.,J’aimerais poser une question.,"[""conditionnel"", ""politesse"", ""demande""]",3,2
b1-conditionnel-poli-012,B1,Communication quotidienne,Conditionnel poli,quiz,Formuler poliment,service,Choisis la phrase la plus polie.,___-vous m’aider?,"[""Pourriez"", ""Pouvez"", ""Pouviez"", ""Pourrez""]",Pourriez,« Pourriez-vous » est une demande polie au conditionnel.,Pourriez-vous is polite.,"« Pouvez-vous » est correct, mais moins doux.",Pourriez-vous répéter?,"[""conditionnel"", ""politesse"", ""demande""]",3,2
b1-conditionnel-poli-013,B1,Communication quotidienne,Conditionnel poli,quiz,Formuler poliment,service,Choisis la phrase la plus polie.,Il ___ possible de changer l’heure?,"[""serait"", ""sera"", ""était"", ""est""]",serait,« Il serait possible » est une formule polie.,Il serait possible is polite conditional.,« Il est possible » est correct mais plus direct.,Serait-il possible de confirmer?,"[""conditionnel"", ""politesse"", ""demande""]",3,2
b1-conditionnel-poli-014,B1,Communication quotidienne,Conditionnel poli,quiz,Formuler poliment,service,Choisis la phrase la plus polie.,Nous ___ savoir le prix.,"[""aimerions"", ""aimons"", ""aimerons"", ""aimions""]",aimerions,« Nous aimerions » exprime une demande polie.,Nous aimerions is a polite request.,« aimons » exprime un goût au présent.,Nous aimerions participer.,"[""conditionnel"", ""politesse"", ""demande""]",3,2
b1-conditionnel-poli-015,B1,Communication quotidienne,Conditionnel poli,quiz,Formuler poliment,service,Choisis la phrase la plus polie.,Tu ___ venir demain?,"[""pourrais"", ""peux"", ""pourras"", ""pouvais""]",pourrais,"Dans une question informelle, « tu pourrais » est plus doux que « tu peux ».",Tu pourrais is softer than tu peux.,"« pourras » parle du futur, pas de la politesse.",Tu pourrais m’appeler?,"[""conditionnel"", ""politesse"", ""demande""]",3,2
b1-conditionnel-poli-016,B1,Communication quotidienne,Conditionnel poli,quiz,Formuler poliment,service,Choisis la phrase la plus polie.,"Je ___ prendre rendez-vous, s’il vous plaît.","[""voudrais"", ""veux"", ""voudrai"", ""voulais""]",voudrais,« Je voudrais » est une forme polie avec le conditionnel.,Je voudrais is polite conditional.,« Je veux » est plus direct et moins poli.,J’aimerais poser une question.,"[""conditionnel"", ""politesse"", ""demande""]",3,2
b1-conditionnel-poli-017,B1,Communication quotidienne,Conditionnel poli,quiz,Formuler poliment,service,Choisis la phrase la plus polie.,___-vous m’aider?,"[""Pourriez"", ""Pouvez"", ""Pouviez"", ""Pourrez""]",Pourriez,« Pourriez-vous » est une demande polie au conditionnel.,Pourriez-vous is polite.,"« Pouvez-vous » est correct, mais moins doux.",Pourriez-vous répéter?,"[""conditionnel"", ""politesse"", ""demande""]",3,2
b1-conditionnel-poli-018,B1,Communication quotidienne,Conditionnel poli,quiz,Formuler poliment,service,Choisis la phrase la plus polie.,Il ___ possible de changer l’heure?,"[""serait"", ""sera"", ""était"", ""est""]",serait,« Il serait possible » est une formule polie.,Il serait possible is polite conditional.,« Il est possible » est correct mais plus direct.,Serait-il possible de confirmer?,"[""conditionnel"", ""politesse"", ""demande""]",3,2
b1-conditionnel-poli-019,B1,Communication quotidienne,Conditionnel poli,quiz,Formuler poliment,service,Choisis la phrase la plus polie.,Nous ___ savoir le prix.,"[""aimerions"", ""aimons"", ""aimerons"", ""aimions""]",aimerions,« Nous aimerions » exprime une demande polie.,Nous aimerions is a polite request.,« aimons » exprime un goût au présent.,Nous aimerions participer.,"[""conditionnel"", ""politesse"", ""demande""]",3,2
b1-conditionnel-poli-020,B1,Communication quotidienne,Conditionnel poli,quiz,Formuler poliment,service,Choisis la phrase la plus polie.,Tu ___ venir demain?,"[""pourrais"", ""peux"", ""pourras"", ""pouvais""]",pourrais,"Dans une question informelle, « tu pourrais » est plus doux que « tu peux ».",Tu pourrais is softer than tu peux.,"« pourras » parle du futur, pas de la politesse.",Tu pourrais m’appeler?,"[""conditionnel"", ""politesse"", ""demande""]",3,2
b1-conditionnel-poli-021,B1,Communication quotidienne,Conditionnel poli,quiz,Formuler poliment,service,Choisis la phrase la plus polie.,"Je ___ prendre rendez-vous, s’il vous plaît.","[""voudrais"", ""veux"", ""voudrai"", ""voulais""]",voudrais,« Je voudrais » est une forme polie avec le conditionnel.,Je voudrais is polite conditional.,« Je veux » est plus direct et moins poli.,J’aimerais poser une question.,"[""conditionnel"", ""politesse"", ""demande""]",3,2
b1-conditionnel-poli-022,B1,Communication quotidienne,Conditionnel poli,quiz,Formuler poliment,service,Choisis la phrase la plus polie.,___-vous m’aider?,"[""Pourriez"", ""Pouvez"", ""Pouviez"", ""Pourrez""]",Pourriez,« Pourriez-vous » est une demande polie au conditionnel.,Pourriez-vous is polite.,"« Pouvez-vous » est correct, mais moins doux.",Pourriez-vous répéter?,"[""conditionnel"", ""politesse"", ""demande""]",3,2
b1-conditionnel-poli-023,B1,Communication quotidienne,Conditionnel poli,quiz,Formuler poliment,service,Choisis la phrase la plus polie.,Il ___ possible de changer l’heure?,"[""serait"", ""sera"", ""était"", ""est""]",serait,« Il serait possible » est une formule polie.,Il serait possible is polite conditional.,« Il est possible » est correct mais plus direct.,Serait-il possible de confirmer?,"[""conditionnel"", ""politesse"", ""demande""]",3,2
b1-conditionnel-poli-024,B1,Communication quotidienne,Conditionnel poli,quiz,Formuler poliment,service,Choisis la phrase la plus polie.,Nous ___ savoir le prix.,"[""aimerions"", ""aimons"", ""aimerons"", ""aimions""]",aimerions,« Nous aimerions » exprime une demande polie.,Nous aimerions is a polite request.,« aimons » exprime un goût au présent.,Nous aimerions participer.,"[""conditionnel"", ""politesse"", ""demande""]",3,2
b1-conditionnel-poli-025,B1,Communication quotidienne,Conditionnel poli,quiz,Formuler poliment,service,Choisis la phrase la plus polie.,Tu ___ venir demain?,"[""pourrais"", ""peux"", ""pourras"", ""pouvais""]",pourrais,"Dans une question informelle, « tu pourrais » est plus doux que « tu peux ».",Tu pourrais is softer than tu peux.,"« pourras » parle du futur, pas de la politesse.",Tu pourrais m’appeler?,"[""conditionnel"", ""politesse"", ""demande""]",3,2
b1-comparaisons-001,B1,Communication quotidienne,Comparaisons,quiz,Comparer correctement,opinion,Choisis la bonne comparaison.,Mon appartement est ___ grand que le tien.,"[""plus"", ""aussi de"", ""meilleur"", ""plus que""]",plus,On dit « plus grand que ». L’adjectif reste après « plus ».,Use plus + adjective + que.,« plus que grand » n’est pas correct ici.,Ce café est plus cher que l’autre.,"[""comparaison"", ""plus"", ""moins"", ""aussi"", ""meilleur"", ""mieux""]",3,2
b1-comparaisons-002,B1,Communication quotidienne,Comparaisons,quiz,Comparer correctement,opinion,Choisis la bonne comparaison.,Ce restaurant est ___ bon que l’autre.,"[""aussi"", ""autant"", ""plus de"", ""moins de""]",aussi,On utilise « aussi + adjectif + que » pour une égalité.,Use aussi + adjective + que.,« autant » s’utilise plutôt avec un nom ou un verbe.,Elle est aussi gentille que lui.,"[""comparaison"", ""plus"", ""moins"", ""aussi"", ""meilleur"", ""mieux""]",3,2
b1-comparaisons-003,B1,Communication quotidienne,Comparaisons,quiz,Comparer correctement,opinion,Choisis la bonne comparaison.,J’ai ___ travail que la semaine dernière.,"[""moins de"", ""moins"", ""meilleur"", ""pire""]",moins de,"Devant un nom, on utilise « moins de ».","Before a noun, use moins de.",« moins travail » n’est pas correct.,J’ai moins de temps.,"[""comparaison"", ""plus"", ""moins"", ""aussi"", ""meilleur"", ""mieux""]",3,2
b1-comparaisons-004,B1,Communication quotidienne,Comparaisons,quiz,Comparer correctement,opinion,Choisis la bonne comparaison.,Cette solution est ___ que l’autre.,"[""meilleure"", ""plus bon"", ""mieux"", ""bon plus""]",meilleure,"Pour comparer un nom féminin, on utilise « meilleure ».",Use meilleure for a feminine noun.,« plus bon » est généralement remplacé par meilleur/meilleure.,Cette idée est meilleure.,"[""comparaison"", ""plus"", ""moins"", ""aussi"", ""meilleur"", ""mieux""]",3,2
b1-comparaisons-005,B1,Communication quotidienne,Comparaisons,quiz,Comparer correctement,opinion,Choisis la bonne comparaison.,Il parle français ___ moi.,"[""mieux que"", ""meilleur que"", ""plus bien que"", ""autant de""]",mieux que,"Pour comparer un verbe, on utilise « mieux ».","For comparing verbs, use mieux.",« meilleur » compare un nom.,Elle écrit mieux que moi.,"[""comparaison"", ""plus"", ""moins"", ""aussi"", ""meilleur"", ""mieux""]",3,2
b1-comparaisons-006,B1,Communication quotidienne,Comparaisons,quiz,Comparer correctement,opinion,Choisis la bonne comparaison.,Mon appartement est ___ grand que le tien.,"[""plus"", ""aussi de"", ""meilleur"", ""plus que""]",plus,On dit « plus grand que ». L’adjectif reste après « plus ».,Use plus + adjective + que.,« plus que grand » n’est pas correct ici.,Ce café est plus cher que l’autre.,"[""comparaison"", ""plus"", ""moins"", ""aussi"", ""meilleur"", ""mieux""]",3,2
b1-comparaisons-007,B1,Communication quotidienne,Comparaisons,quiz,Comparer correctement,opinion,Choisis la bonne comparaison.,Ce restaurant est ___ bon que l’autre.,"[""aussi"", ""autant"", ""plus de"", ""moins de""]",aussi,On utilise « aussi + adjectif + que » pour une égalité.,Use aussi + adjective + que.,« autant » s’utilise plutôt avec un nom ou un verbe.,Elle est aussi gentille que lui.,"[""comparaison"", ""plus"", ""moins"", ""aussi"", ""meilleur"", ""mieux""]",3,2
b1-comparaisons-008,B1,Communication quotidienne,Comparaisons,quiz,Comparer correctement,opinion,Choisis la bonne comparaison.,J’ai ___ travail que la semaine dernière.,"[""moins de"", ""moins"", ""meilleur"", ""pire""]",moins de,"Devant un nom, on utilise « moins de ».","Before a noun, use moins de.",« moins travail » n’est pas correct.,J’ai moins de temps.,"[""comparaison"", ""plus"", ""moins"", ""aussi"", ""meilleur"", ""mieux""]",3,2
b1-comparaisons-009,B1,Communication quotidienne,Comparaisons,quiz,Comparer correctement,opinion,Choisis la bonne comparaison.,Cette solution est ___ que l’autre.,"[""meilleure"", ""plus bon"", ""mieux"", ""bon plus""]",meilleure,"Pour comparer un nom féminin, on utilise « meilleure ».",Use meilleure for a feminine noun.,« plus bon » est généralement remplacé par meilleur/meilleure.,Cette idée est meilleure.,"[""comparaison"", ""plus"", ""moins"", ""aussi"", ""meilleur"", ""mieux""]",3,2
b1-comparaisons-010,B1,Communication quotidienne,Comparaisons,quiz,Comparer correctement,opinion,Choisis la bonne comparaison.,Il parle français ___ moi.,"[""mieux que"", ""meilleur que"", ""plus bien que"", ""autant de""]",mieux que,"Pour comparer un verbe, on utilise « mieux ».","For comparing verbs, use mieux.",« meilleur » compare un nom.,Elle écrit mieux que moi.,"[""comparaison"", ""plus"", ""moins"", ""aussi"", ""meilleur"", ""mieux""]",3,2
b1-comparaisons-011,B1,Communication quotidienne,Comparaisons,quiz,Comparer correctement,opinion,Choisis la bonne comparaison.,Mon appartement est ___ grand que le tien.,"[""plus"", ""aussi de"", ""meilleur"", ""plus que""]",plus,On dit « plus grand que ». L’adjectif reste après « plus ».,Use plus + adjective + que.,« plus que grand » n’est pas correct ici.,Ce café est plus cher que l’autre.,"[""comparaison"", ""plus"", ""moins"", ""aussi"", ""meilleur"", ""mieux""]",3,2
b1-comparaisons-012,B1,Communication quotidienne,Comparaisons,quiz,Comparer correctement,opinion,Choisis la bonne comparaison.,Ce restaurant est ___ bon que l’autre.,"[""aussi"", ""autant"", ""plus de"", ""moins de""]",aussi,On utilise « aussi + adjectif + que » pour une égalité.,Use aussi + adjective + que.,« autant » s’utilise plutôt avec un nom ou un verbe.,Elle est aussi gentille que lui.,"[""comparaison"", ""plus"", ""moins"", ""aussi"", ""meilleur"", ""mieux""]",3,2
b1-comparaisons-013,B1,Communication quotidienne,Comparaisons,quiz,Comparer correctement,opinion,Choisis la bonne comparaison.,J’ai ___ travail que la semaine dernière.,"[""moins de"", ""moins"", ""meilleur"", ""pire""]",moins de,"Devant un nom, on utilise « moins de ».","Before a noun, use moins de.",« moins travail » n’est pas correct.,J’ai moins de temps.,"[""comparaison"", ""plus"", ""moins"", ""aussi"", ""meilleur"", ""mieux""]",3,2
b1-comparaisons-014,B1,Communication quotidienne,Comparaisons,quiz,Comparer correctement,opinion,Choisis la bonne comparaison.,Cette solution est ___ que l’autre.,"[""meilleure"", ""plus bon"", ""mieux"", ""bon plus""]",meilleure,"Pour comparer un nom féminin, on utilise « meilleure ».",Use meilleure for a feminine noun.,« plus bon » est généralement remplacé par meilleur/meilleure.,Cette idée est meilleure.,"[""comparaison"", ""plus"", ""moins"", ""aussi"", ""meilleur"", ""mieux""]",3,2
b1-comparaisons-015,B1,Communication quotidienne,Comparaisons,quiz,Comparer correctement,opinion,Choisis la bonne comparaison.,Il parle français ___ moi.,"[""mieux que"", ""meilleur que"", ""plus bien que"", ""autant de""]",mieux que,"Pour comparer un verbe, on utilise « mieux ».","For comparing verbs, use mieux.",« meilleur » compare un nom.,Elle écrit mieux que moi.,"[""comparaison"", ""plus"", ""moins"", ""aussi"", ""meilleur"", ""mieux""]",3,2
b1-comparaisons-016,B1,Communication quotidienne,Comparaisons,quiz,Comparer correctement,opinion,Choisis la bonne comparaison.,Mon appartement est ___ grand que le tien.,"[""plus"", ""aussi de"", ""meilleur"", ""plus que""]",plus,On dit « plus grand que ». L’adjectif reste après « plus ».,Use plus + adjective + que.,« plus que grand » n’est pas correct ici.,Ce café est plus cher que l’autre.,"[""comparaison"", ""plus"", ""moins"", ""aussi"", ""meilleur"", ""mieux""]",3,2
b1-comparaisons-017,B1,Communication quotidienne,Comparaisons,quiz,Comparer correctement,opinion,Choisis la bonne comparaison.,Ce restaurant est ___ bon que l’autre.,"[""aussi"", ""autant"", ""plus de"", ""moins de""]",aussi,On utilise « aussi + adjectif + que » pour une égalité.,Use aussi + adjective + que.,« autant » s’utilise plutôt avec un nom ou un verbe.,Elle est aussi gentille que lui.,"[""comparaison"", ""plus"", ""moins"", ""aussi"", ""meilleur"", ""mieux""]",3,2
b1-comparaisons-018,B1,Communication quotidienne,Comparaisons,quiz,Comparer correctement,opinion,Choisis la bonne comparaison.,J’ai ___ travail que la semaine dernière.,"[""moins de"", ""moins"", ""meilleur"", ""pire""]",moins de,"Devant un nom, on utilise « moins de ».","Before a noun, use moins de.",« moins travail » n’est pas correct.,J’ai moins de temps.,"[""comparaison"", ""plus"", ""moins"", ""aussi"", ""meilleur"", ""mieux""]",3,2
b1-comparaisons-019,B1,Communication quotidienne,Comparaisons,quiz,Comparer correctement,opinion,Choisis la bonne comparaison.,Cette solution est ___ que l’autre.,"[""meilleure"", ""plus bon"", ""mieux"", ""bon plus""]",meilleure,"Pour comparer un nom féminin, on utilise « meilleure ».",Use meilleure for a feminine noun.,« plus bon » est généralement remplacé par meilleur/meilleure.,Cette idée est meilleure.,"[""comparaison"", ""plus"", ""moins"", ""aussi"", ""meilleur"", ""mieux""]",3,2
b1-comparaisons-020,B1,Communication quotidienne,Comparaisons,quiz,Comparer correctement,opinion,Choisis la bonne comparaison.,Il parle français ___ moi.,"[""mieux que"", ""meilleur que"", ""plus bien que"", ""autant de""]",mieux que,"Pour comparer un verbe, on utilise « mieux ».","For comparing verbs, use mieux.",« meilleur » compare un nom.,Elle écrit mieux que moi.,"[""comparaison"", ""plus"", ""moins"", ""aussi"", ""meilleur"", ""mieux""]",3,2
b1-comparaisons-021,B1,Communication quotidienne,Comparaisons,quiz,Comparer correctement,opinion,Choisis la bonne comparaison.,Mon appartement est ___ grand que le tien.,"[""plus"", ""aussi de"", ""meilleur"", ""plus que""]",plus,On dit « plus grand que ». L’adjectif reste après « plus ».,Use plus + adjective + que.,« plus que grand » n’est pas correct ici.,Ce café est plus cher que l’autre.,"[""comparaison"", ""plus"", ""moins"", ""aussi"", ""meilleur"", ""mieux""]",3,2
b1-comparaisons-022,B1,Communication quotidienne,Comparaisons,quiz,Comparer correctement,opinion,Choisis la bonne comparaison.,Ce restaurant est ___ bon que l’autre.,"[""aussi"", ""autant"", ""plus de"", ""moins de""]",aussi,On utilise « aussi + adjectif + que » pour une égalité.,Use aussi + adjective + que.,« autant » s’utilise plutôt avec un nom ou un verbe.,Elle est aussi gentille que lui.,"[""comparaison"", ""plus"", ""moins"", ""aussi"", ""meilleur"", ""mieux""]",3,2
b1-comparaisons-023,B1,Communication quotidienne,Comparaisons,quiz,Comparer correctement,opinion,Choisis la bonne comparaison.,J’ai ___ travail que la semaine dernière.,"[""moins de"", ""moins"", ""meilleur"", ""pire""]",moins de,"Devant un nom, on utilise « moins de ».","Before a noun, use moins de.",« moins travail » n’est pas correct.,J’ai moins de temps.,"[""comparaison"", ""plus"", ""moins"", ""aussi"", ""meilleur"", ""mieux""]",3,2
b1-comparaisons-024,B1,Communication quotidienne,Comparaisons,quiz,Comparer correctement,opinion,Choisis la bonne comparaison.,Cette solution est ___ que l’autre.,"[""meilleure"", ""plus bon"", ""mieux"", ""bon plus""]",meilleure,"Pour comparer un nom féminin, on utilise « meilleure ».",Use meilleure for a feminine noun.,« plus bon » est généralement remplacé par meilleur/meilleure.,Cette idée est meilleure.,"[""comparaison"", ""plus"", ""moins"", ""aussi"", ""meilleur"", ""mieux""]",3,2
b1-comparaisons-025,B1,Communication quotidienne,Comparaisons,quiz,Comparer correctement,opinion,Choisis la bonne comparaison.,Il parle français ___ moi.,"[""mieux que"", ""meilleur que"", ""plus bien que"", ""autant de""]",mieux que,"Pour comparer un verbe, on utilise « mieux ».","For comparing verbs, use mieux.",« meilleur » compare un nom.,Elle écrit mieux que moi.,"[""comparaison"", ""plus"", ""moins"", ""aussi"", ""meilleur"", ""mieux""]",3,2
b1-relatifs-001,B1,Phrases plus longues,Pronoms relatifs qui/que/où,quiz,Choisir le pronom relatif,phrases,Choisis le bon pronom relatif.,C’est le livre ___ j’ai acheté hier.,"[""que"", ""qui"", ""où"", ""dont""]",que,« Que » remplace un complément direct: j’ai acheté le livre.,Que replaces a direct object.,« Qui » remplace un sujet.,C’est le film que j’ai vu.,"[""pronoms relatifs"", ""qui"", ""que"", ""où""]",3,2
b1-relatifs-002,B1,Phrases plus longues,Pronoms relatifs qui/que/où,quiz,Choisir le pronom relatif,phrases,Choisis le bon pronom relatif.,J’ai un ami ___ travaille à Laval.,"[""qui"", ""que"", ""où"", ""quoi""]",qui,« Qui » remplace le sujet du verbe: l’ami travaille.,Qui replaces the subject.,« Que » remplace un complément direct.,C’est une personne qui parle vite.,"[""pronoms relatifs"", ""qui"", ""que"", ""où""]",3,2
b1-relatifs-003,B1,Phrases plus longues,Pronoms relatifs qui/que/où,quiz,Choisir le pronom relatif,phrases,Choisis le bon pronom relatif.,Voici le café ___ je travaille.,"[""où"", ""qui"", ""que"", ""dont""]",où,« Où » remplace un lieu.,Où replaces a place.,« Que » ne remplace pas un lieu ici.,C’est la ville où j’habite.,"[""pronoms relatifs"", ""qui"", ""que"", ""où""]",3,2
b1-relatifs-004,B1,Phrases plus longues,Pronoms relatifs qui/que/où,quiz,Choisir le pronom relatif,phrases,Choisis le bon pronom relatif.,C’est la chose ___ je préfère.,"[""que"", ""qui"", ""où"", ""à qui""]",que,« Que » remplace le complément direct de « préfère ».,Que replaces direct object of préfère.,« Qui » serait sujet.,Voici la chanson que j’aime.,"[""pronoms relatifs"", ""qui"", ""que"", ""où""]",3,2
b1-relatifs-005,B1,Phrases plus longues,Pronoms relatifs qui/que/où,quiz,Choisir le pronom relatif,phrases,Choisis le bon pronom relatif.,La personne ___ m’a appelé est mon voisin.,"[""qui"", ""que"", ""où"", ""dont""]",qui,"La personne fait l’action d’appeler, donc « qui » est sujet.","The person is the subject, use qui.",« Que » serait objet.,Le collègue qui arrive est gentil.,"[""pronoms relatifs"", ""qui"", ""que"", ""où""]",3,2
b1-relatifs-006,B1,Phrases plus longues,Pronoms relatifs qui/que/où,quiz,Choisir le pronom relatif,phrases,Choisis le bon pronom relatif.,C’est le livre ___ j’ai acheté hier.,"[""que"", ""qui"", ""où"", ""dont""]",que,« Que » remplace un complément direct: j’ai acheté le livre.,Que replaces a direct object.,« Qui » remplace un sujet.,C’est le film que j’ai vu.,"[""pronoms relatifs"", ""qui"", ""que"", ""où""]",3,2
b1-relatifs-007,B1,Phrases plus longues,Pronoms relatifs qui/que/où,quiz,Choisir le pronom relatif,phrases,Choisis le bon pronom relatif.,J’ai un ami ___ travaille à Laval.,"[""qui"", ""que"", ""où"", ""quoi""]",qui,« Qui » remplace le sujet du verbe: l’ami travaille.,Qui replaces the subject.,« Que » remplace un complément direct.,C’est une personne qui parle vite.,"[""pronoms relatifs"", ""qui"", ""que"", ""où""]",3,2
b1-relatifs-008,B1,Phrases plus longues,Pronoms relatifs qui/que/où,quiz,Choisir le pronom relatif,phrases,Choisis le bon pronom relatif.,Voici le café ___ je travaille.,"[""où"", ""qui"", ""que"", ""dont""]",où,« Où » remplace un lieu.,Où replaces a place.,« Que » ne remplace pas un lieu ici.,C’est la ville où j’habite.,"[""pronoms relatifs"", ""qui"", ""que"", ""où""]",3,2
b1-relatifs-009,B1,Phrases plus longues,Pronoms relatifs qui/que/où,quiz,Choisir le pronom relatif,phrases,Choisis le bon pronom relatif.,C’est la chose ___ je préfère.,"[""que"", ""qui"", ""où"", ""à qui""]",que,« Que » remplace le complément direct de « préfère ».,Que replaces direct object of préfère.,« Qui » serait sujet.,Voici la chanson que j’aime.,"[""pronoms relatifs"", ""qui"", ""que"", ""où""]",3,2
b1-relatifs-010,B1,Phrases plus longues,Pronoms relatifs qui/que/où,quiz,Choisir le pronom relatif,phrases,Choisis le bon pronom relatif.,La personne ___ m’a appelé est mon voisin.,"[""qui"", ""que"", ""où"", ""dont""]",qui,"La personne fait l’action d’appeler, donc « qui » est sujet.","The person is the subject, use qui.",« Que » serait objet.,Le collègue qui arrive est gentil.,"[""pronoms relatifs"", ""qui"", ""que"", ""où""]",3,2
b1-relatifs-011,B1,Phrases plus longues,Pronoms relatifs qui/que/où,quiz,Choisir le pronom relatif,phrases,Choisis le bon pronom relatif.,C’est le livre ___ j’ai acheté hier.,"[""que"", ""qui"", ""où"", ""dont""]",que,« Que » remplace un complément direct: j’ai acheté le livre.,Que replaces a direct object.,« Qui » remplace un sujet.,C’est le film que j’ai vu.,"[""pronoms relatifs"", ""qui"", ""que"", ""où""]",3,2
b1-relatifs-012,B1,Phrases plus longues,Pronoms relatifs qui/que/où,quiz,Choisir le pronom relatif,phrases,Choisis le bon pronom relatif.,J’ai un ami ___ travaille à Laval.,"[""qui"", ""que"", ""où"", ""quoi""]",qui,« Qui » remplace le sujet du verbe: l’ami travaille.,Qui replaces the subject.,« Que » remplace un complément direct.,C’est une personne qui parle vite.,"[""pronoms relatifs"", ""qui"", ""que"", ""où""]",3,2
b1-relatifs-013,B1,Phrases plus longues,Pronoms relatifs qui/que/où,quiz,Choisir le pronom relatif,phrases,Choisis le bon pronom relatif.,Voici le café ___ je travaille.,"[""où"", ""qui"", ""que"", ""dont""]",où,« Où » remplace un lieu.,Où replaces a place.,« Que » ne remplace pas un lieu ici.,C’est la ville où j’habite.,"[""pronoms relatifs"", ""qui"", ""que"", ""où""]",3,2
b1-relatifs-014,B1,Phrases plus longues,Pronoms relatifs qui/que/où,quiz,Choisir le pronom relatif,phrases,Choisis le bon pronom relatif.,C’est la chose ___ je préfère.,"[""que"", ""qui"", ""où"", ""à qui""]",que,« Que » remplace le complément direct de « préfère ».,Que replaces direct object of préfère.,« Qui » serait sujet.,Voici la chanson que j’aime.,"[""pronoms relatifs"", ""qui"", ""que"", ""où""]",3,2
b1-relatifs-015,B1,Phrases plus longues,Pronoms relatifs qui/que/où,quiz,Choisir le pronom relatif,phrases,Choisis le bon pronom relatif.,La personne ___ m’a appelé est mon voisin.,"[""qui"", ""que"", ""où"", ""dont""]",qui,"La personne fait l’action d’appeler, donc « qui » est sujet.","The person is the subject, use qui.",« Que » serait objet.,Le collègue qui arrive est gentil.,"[""pronoms relatifs"", ""qui"", ""que"", ""où""]",3,2
b1-relatifs-016,B1,Phrases plus longues,Pronoms relatifs qui/que/où,quiz,Choisir le pronom relatif,phrases,Choisis le bon pronom relatif.,C’est le livre ___ j’ai acheté hier.,"[""que"", ""qui"", ""où"", ""dont""]",que,« Que » remplace un complément direct: j’ai acheté le livre.,Que replaces a direct object.,« Qui » remplace un sujet.,C’est le film que j’ai vu.,"[""pronoms relatifs"", ""qui"", ""que"", ""où""]",3,2
b1-relatifs-017,B1,Phrases plus longues,Pronoms relatifs qui/que/où,quiz,Choisir le pronom relatif,phrases,Choisis le bon pronom relatif.,J’ai un ami ___ travaille à Laval.,"[""qui"", ""que"", ""où"", ""quoi""]",qui,« Qui » remplace le sujet du verbe: l’ami travaille.,Qui replaces the subject.,« Que » remplace un complément direct.,C’est une personne qui parle vite.,"[""pronoms relatifs"", ""qui"", ""que"", ""où""]",3,2
b1-relatifs-018,B1,Phrases plus longues,Pronoms relatifs qui/que/où,quiz,Choisir le pronom relatif,phrases,Choisis le bon pronom relatif.,Voici le café ___ je travaille.,"[""où"", ""qui"", ""que"", ""dont""]",où,« Où » remplace un lieu.,Où replaces a place.,« Que » ne remplace pas un lieu ici.,C’est la ville où j’habite.,"[""pronoms relatifs"", ""qui"", ""que"", ""où""]",3,2
b1-relatifs-019,B1,Phrases plus longues,Pronoms relatifs qui/que/où,quiz,Choisir le pronom relatif,phrases,Choisis le bon pronom relatif.,C’est la chose ___ je préfère.,"[""que"", ""qui"", ""où"", ""à qui""]",que,« Que » remplace le complément direct de « préfère ».,Que replaces direct object of préfère.,« Qui » serait sujet.,Voici la chanson que j’aime.,"[""pronoms relatifs"", ""qui"", ""que"", ""où""]",3,2
b1-relatifs-020,B1,Phrases plus longues,Pronoms relatifs qui/que/où,quiz,Choisir le pronom relatif,phrases,Choisis le bon pronom relatif.,La personne ___ m’a appelé est mon voisin.,"[""qui"", ""que"", ""où"", ""dont""]",qui,"La personne fait l’action d’appeler, donc « qui » est sujet.","The person is the subject, use qui.",« Que » serait objet.,Le collègue qui arrive est gentil.,"[""pronoms relatifs"", ""qui"", ""que"", ""où""]",3,2
b1-relatifs-021,B1,Phrases plus longues,Pronoms relatifs qui/que/où,quiz,Choisir le pronom relatif,phrases,Choisis le bon pronom relatif.,C’est le livre ___ j’ai acheté hier.,"[""que"", ""qui"", ""où"", ""dont""]",que,« Que » remplace un complément direct: j’ai acheté le livre.,Que replaces a direct object.,« Qui » remplace un sujet.,C’est le film que j’ai vu.,"[""pronoms relatifs"", ""qui"", ""que"", ""où""]",3,2
b1-relatifs-022,B1,Phrases plus longues,Pronoms relatifs qui/que/où,quiz,Choisir le pronom relatif,phrases,Choisis le bon pronom relatif.,J’ai un ami ___ travaille à Laval.,"[""qui"", ""que"", ""où"", ""quoi""]",qui,« Qui » remplace le sujet du verbe: l’ami travaille.,Qui replaces the subject.,« Que » remplace un complément direct.,C’est une personne qui parle vite.,"[""pronoms relatifs"", ""qui"", ""que"", ""où""]",3,2
b1-relatifs-023,B1,Phrases plus longues,Pronoms relatifs qui/que/où,quiz,Choisir le pronom relatif,phrases,Choisis le bon pronom relatif.,Voici le café ___ je travaille.,"[""où"", ""qui"", ""que"", ""dont""]",où,« Où » remplace un lieu.,Où replaces a place.,« Que » ne remplace pas un lieu ici.,C’est la ville où j’habite.,"[""pronoms relatifs"", ""qui"", ""que"", ""où""]",3,2
b1-relatifs-024,B1,Phrases plus longues,Pronoms relatifs qui/que/où,quiz,Choisir le pronom relatif,phrases,Choisis le bon pronom relatif.,C’est la chose ___ je préfère.,"[""que"", ""qui"", ""où"", ""à qui""]",que,« Que » remplace le complément direct de « préfère ».,Que replaces direct object of préfère.,« Qui » serait sujet.,Voici la chanson que j’aime.,"[""pronoms relatifs"", ""qui"", ""que"", ""où""]",3,2
b1-relatifs-025,B1,Phrases plus longues,Pronoms relatifs qui/que/où,quiz,Choisir le pronom relatif,phrases,Choisis le bon pronom relatif.,La personne ___ m’a appelé est mon voisin.,"[""qui"", ""que"", ""où"", ""dont""]",qui,"La personne fait l’action d’appeler, donc « qui » est sujet.","The person is the subject, use qui.",« Que » serait objet.,Le collègue qui arrive est gentil.,"[""pronoms relatifs"", ""qui"", ""que"", ""où""]",3,2
b1-lecture-travail-01,B1,Compréhension,Lire un message simple,lecture,Lire et répondre,lecture,À quelle heure commence la réunion?,"Bonjour Samir, peux-tu arriver quinze minutes plus tôt demain? La réunion avec l’équipe commence à 8 h 45 au lieu de 9 h. Si tu as un empêchement, écris-moi avant 17 h.","[""8 h 45"", ""9 h"", ""17 h"", ""15 h""]",8 h 45,Le message dit que la réunion commence à 8 h 45 au lieu de 9 h.,Read the text and find the information directly stated.,,,"[""lecture"", ""compréhension"", ""message""]",3,5
b1-lecture-logement-01,B1,Compréhension,Lire un message simple,lecture,Lire et répondre,lecture,Que faut-il faire avant 10 h?,Avis aux locataires: l’eau sera coupée mercredi de 10 h à 14 h pour des travaux. Merci de remplir vos bouteilles avant le début des travaux.,"[""Remplir des bouteilles"", ""Appeler le propriétaire"", ""Sortir les poubelles"", ""Payer le loyer""]",Remplir des bouteilles,Le texte conseille de remplir les bouteilles avant la coupure d’eau.,Read the text and find the information directly stated.,,,"[""lecture"", ""compréhension"", ""message""]",3,5
b1-lecture-sante-01,B1,Compréhension,Lire un message simple,lecture,Lire et répondre,lecture,Que faut-il apporter?,Votre rendez-vous est confirmé pour jeudi à 14 h 30. Apportez votre carte d’assurance maladie et la liste de vos médicaments.,"[""La carte d’assurance maladie"", ""Un billet d’autobus"", ""Un livre"", ""Une facture d’électricité""]",La carte d’assurance maladie,Le message demande d’apporter la carte et la liste des médicaments.,Read the text and find the information directly stated.,,,"[""lecture"", ""compréhension"", ""message""]",3,5
b1-lecture-ecole-01,B1,Compréhension,Lire un message simple,lecture,Lire et répondre,lecture,Quelles parties sont dans le test?,"Bonjour, le test de français aura lieu lundi prochain. Il y aura une partie lecture, une partie grammaire et une courte production écrite.","[""Lecture, grammaire et courte écriture"", ""Mathématiques et sciences"", ""Écoute seulement"", ""Conversation seulement""]","Lecture, grammaire et courte écriture",Le courriel mentionne les trois parties du test.,Read the text and find the information directly stated.,,,"[""lecture"", ""compréhension"", ""message""]",3,5
b1-lecture-travail-02,B1,Compréhension,Lire un message simple,lecture,Lire et répondre,lecture,À quelle heure commence la réunion?,"Bonjour Samir, peux-tu arriver quinze minutes plus tôt demain? La réunion avec l’équipe commence à 8 h 45 au lieu de 9 h. Si tu as un empêchement, écris-moi avant 17 h.","[""8 h 45"", ""9 h"", ""17 h"", ""15 h""]",8 h 45,Le message dit que la réunion commence à 8 h 45 au lieu de 9 h.,Read the text and find the information directly stated.,,,"[""lecture"", ""compréhension"", ""message""]",3,5
b1-lecture-logement-02,B1,Compréhension,Lire un message simple,lecture,Lire et répondre,lecture,Que faut-il faire avant 10 h?,Avis aux locataires: l’eau sera coupée mercredi de 10 h à 14 h pour des travaux. Merci de remplir vos bouteilles avant le début des travaux.,"[""Remplir des bouteilles"", ""Appeler le propriétaire"", ""Sortir les poubelles"", ""Payer le loyer""]",Remplir des bouteilles,Le texte conseille de remplir les bouteilles avant la coupure d’eau.,Read the text and find the information directly stated.,,,"[""lecture"", ""compréhension"", ""message""]",3,5
b1-lecture-sante-02,B1,Compréhension,Lire un message simple,lecture,Lire et répondre,lecture,Que faut-il apporter?,Votre rendez-vous est confirmé pour jeudi à 14 h 30. Apportez votre carte d’assurance maladie et la liste de vos médicaments.,"[""La carte d’assurance maladie"", ""Un billet d’autobus"", ""Un livre"", ""Une facture d’électricité""]",La carte d’assurance maladie,Le message demande d’apporter la carte et la liste des médicaments.,Read the text and find the information directly stated.,,,"[""lecture"", ""compréhension"", ""message""]",3,5
b1-lecture-ecole-02,B1,Compréhension,Lire un message simple,lecture,Lire et répondre,lecture,Quelles parties sont dans le test?,"Bonjour, le test de français aura lieu lundi prochain. Il y aura une partie lecture, une partie grammaire et une courte production écrite.","[""Lecture, grammaire et courte écriture"", ""Mathématiques et sciences"", ""Écoute seulement"", ""Conversation seulement""]","Lecture, grammaire et courte écriture",Le courriel mentionne les trois parties du test.,Read the text and find the information directly stated.,,,"[""lecture"", ""compréhension"", ""message""]",3,5
b1-lecture-travail-03,B1,Compréhension,Lire un message simple,lecture,Lire et répondre,lecture,À quelle heure commence la réunion?,"Bonjour Samir, peux-tu arriver quinze minutes plus tôt demain? La réunion avec l’équipe commence à 8 h 45 au lieu de 9 h. Si tu as un empêchement, écris-moi avant 17 h.","[""8 h 45"", ""9 h"", ""17 h"", ""15 h""]",8 h 45,Le message dit que la réunion commence à 8 h 45 au lieu de 9 h.,Read the text and find the information directly stated.,,,"[""lecture"", ""compréhension"", ""message""]",3,5
b1-lecture-logement-03,B1,Compréhension,Lire un message simple,lecture,Lire et répondre,lecture,Que faut-il faire avant 10 h?,Avis aux locataires: l’eau sera coupée mercredi de 10 h à 14 h pour des travaux. Merci de remplir vos bouteilles avant le début des travaux.,"[""Remplir des bouteilles"", ""Appeler le propriétaire"", ""Sortir les poubelles"", ""Payer le loyer""]",Remplir des bouteilles,Le texte conseille de remplir les bouteilles avant la coupure d’eau.,Read the text and find the information directly stated.,,,"[""lecture"", ""compréhension"", ""message""]",3,5
b1-lecture-sante-03,B1,Compréhension,Lire un message simple,lecture,Lire et répondre,lecture,Que faut-il apporter?,Votre rendez-vous est confirmé pour jeudi à 14 h 30. Apportez votre carte d’assurance maladie et la liste de vos médicaments.,"[""La carte d’assurance maladie"", ""Un billet d’autobus"", ""Un livre"", ""Une facture d’électricité""]",La carte d’assurance maladie,Le message demande d’apporter la carte et la liste des médicaments.,Read the text and find the information directly stated.,,,"[""lecture"", ""compréhension"", ""message""]",3,5
b1-lecture-ecole-03,B1,Compréhension,Lire un message simple,lecture,Lire et répondre,lecture,Quelles parties sont dans le test?,"Bonjour, le test de français aura lieu lundi prochain. Il y aura une partie lecture, une partie grammaire et une courte production écrite.","[""Lecture, grammaire et courte écriture"", ""Mathématiques et sciences"", ""Écoute seulement"", ""Conversation seulement""]","Lecture, grammaire et courte écriture",Le courriel mentionne les trois parties du test.,Read the text and find the information directly stated.,,,"[""lecture"", ""compréhension"", ""message""]",3,5
b1-lecture-travail-04,B1,Compréhension,Lire un message simple,lecture,Lire et répondre,lecture,À quelle heure commence la réunion?,"Bonjour Samir, peux-tu arriver quinze minutes plus tôt demain? La réunion avec l’équipe commence à 8 h 45 au lieu de 9 h. Si tu as un empêchement, écris-moi avant 17 h.","[""8 h 45"", ""9 h"", ""17 h"", ""15 h""]",8 h 45,Le message dit que la réunion commence à 8 h 45 au lieu de 9 h.,Read the text and find the information directly stated.,,,"[""lecture"", ""compréhension"", ""message""]",3,5
b1-lecture-logement-04,B1,Compréhension,Lire un message simple,lecture,Lire et répondre,lecture,Que faut-il faire avant 10 h?,Avis aux locataires: l’eau sera coupée mercredi de 10 h à 14 h pour des travaux. Merci de remplir vos bouteilles avant le début des travaux.,"[""Remplir des bouteilles"", ""Appeler le propriétaire"", ""Sortir les poubelles"", ""Payer le loyer""]",Remplir des bouteilles,Le texte conseille de remplir les bouteilles avant la coupure d’eau.,Read the text and find the information directly stated.,,,"[""lecture"", ""compréhension"", ""message""]",3,5
b1-lecture-sante-04,B1,Compréhension,Lire un message simple,lecture,Lire et répondre,lecture,Que faut-il apporter?,Votre rendez-vous est confirmé pour jeudi à 14 h 30. Apportez votre carte d’assurance maladie et la liste de vos médicaments.,"[""La carte d’assurance maladie"", ""Un billet d’autobus"", ""Un livre"", ""Une facture d’électricité""]",La carte d’assurance maladie,Le message demande d’apporter la carte et la liste des médicaments.,Read the text and find the information directly stated.,,,"[""lecture"", ""compréhension"", ""message""]",3,5
b1-lecture-ecole-04,B1,Compréhension,Lire un message simple,lecture,Lire et répondre,lecture,Quelles parties sont dans le test?,"Bonjour, le test de français aura lieu lundi prochain. Il y aura une partie lecture, une partie grammaire et une courte production écrite.","[""Lecture, grammaire et courte écriture"", ""Mathématiques et sciences"", ""Écoute seulement"", ""Conversation seulement""]","Lecture, grammaire et courte écriture",Le courriel mentionne les trois parties du test.,Read the text and find the information directly stated.,,,"[""lecture"", ""compréhension"", ""message""]",3,5
b1-lecture-travail-05,B1,Compréhension,Lire un message simple,lecture,Lire et répondre,lecture,À quelle heure commence la réunion?,"Bonjour Samir, peux-tu arriver quinze minutes plus tôt demain? La réunion avec l’équipe commence à 8 h 45 au lieu de 9 h. Si tu as un empêchement, écris-moi avant 17 h.","[""8 h 45"", ""9 h"", ""17 h"", ""15 h""]",8 h 45,Le message dit que la réunion commence à 8 h 45 au lieu de 9 h.,Read the text and find the information directly stated.,,,"[""lecture"", ""compréhension"", ""message""]",3,5
b1-lecture-logement-05,B1,Compréhension,Lire un message simple,lecture,Lire et répondre,lecture,Que faut-il faire avant 10 h?,Avis aux locataires: l’eau sera coupée mercredi de 10 h à 14 h pour des travaux. Merci de remplir vos bouteilles avant le début des travaux.,"[""Remplir des bouteilles"", ""Appeler le propriétaire"", ""Sortir les poubelles"", ""Payer le loyer""]",Remplir des bouteilles,Le texte conseille de remplir les bouteilles avant la coupure d’eau.,Read the text and find the information directly stated.,,,"[""lecture"", ""compréhension"", ""message""]",3,5
b1-lecture-sante-05,B1,Compréhension,Lire un message simple,lecture,Lire et répondre,lecture,Que faut-il apporter?,Votre rendez-vous est confirmé pour jeudi à 14 h 30. Apportez votre carte d’assurance maladie et la liste de vos médicaments.,"[""La carte d’assurance maladie"", ""Un billet d’autobus"", ""Un livre"", ""Une facture d’électricité""]",La carte d’assurance maladie,Le message demande d’apporter la carte et la liste des médicaments.,Read the text and find the information directly stated.,,,"[""lecture"", ""compréhension"", ""message""]",3,5
b1-lecture-ecole-05,B1,Compréhension,Lire un message simple,lecture,Lire et répondre,lecture,Quelles parties sont dans le test?,"Bonjour, le test de français aura lieu lundi prochain. Il y aura une partie lecture, une partie grammaire et une courte production écrite.","[""Lecture, grammaire et courte écriture"", ""Mathématiques et sciences"", ""Écoute seulement"", ""Conversation seulement""]","Lecture, grammaire et courte écriture",Le courriel mentionne les trois parties du test.,Read the text and find the information directly stated.,,,"[""lecture"", ""compréhension"", ""message""]",3,5
b1-production-ecrite-001,B1,Écriture,Messages courts,production_ecrite,Écrire un court message,écriture,Écris un court message pour confirmer un rendez-vous demain à 10 h.,,[],"Bonjour, je confirme mon rendez-vous demain à 10 h. Merci et bonne journée.",Le message doit confirmer clairement le rendez-vous et rester poli.,"The answer should be polite, clear, and use complete sentences.",,"Bonjour, je confirme mon rendez-vous demain à 10 h. Merci et bonne journée.","[""écriture"", ""message"", ""politesse""]",3,5
b1-production-ecrite-002,B1,Écriture,Messages courts,production_ecrite,Écrire un court message,écriture,Écris trois phrases pour expliquer pourquoi tu apprends le français.,,[],J’apprends le français parce que j’habite au Québec. Je veux mieux comprendre les gens autour de moi. Je veux aussi être plus à l’aise au travail.,La réponse doit donner une raison claire et utiliser des phrases complètes.,"The answer should be polite, clear, and use complete sentences.",,J’apprends le français parce que j’habite au Québec. Je veux mieux comprendre les gens autour de moi. Je veux aussi être plus à l’aise au travail.,"[""écriture"", ""message"", ""politesse""]",3,5
b1-production-ecrite-003,B1,Écriture,Messages courts,production_ecrite,Écrire un court message,écriture,Écris un message pour dire que tu vas être en retard.,,[],"Bonjour, je suis désolé, je vais arriver avec quinze minutes de retard. Merci de votre compréhension.",Le message doit annoncer le retard et rester poli.,"The answer should be polite, clear, and use complete sentences.",,"Bonjour, je suis désolé, je vais arriver avec quinze minutes de retard. Merci de votre compréhension.","[""écriture"", ""message"", ""politesse""]",3,5
b1-production-ecrite-004,B1,Écriture,Messages courts,production_ecrite,Écrire un court message,écriture,Écris une réponse pour demander de répéter une information.,,[],"Bonjour, pourriez-vous répéter l’information, s’il vous plaît? Je veux être certain de bien comprendre.",La réponse doit demander poliment de répéter.,"The answer should be polite, clear, and use complete sentences.",,"Bonjour, pourriez-vous répéter l’information, s’il vous plaît? Je veux être certain de bien comprendre.","[""écriture"", ""message"", ""politesse""]",3,5
b1-production-ecrite-005,B1,Écriture,Messages courts,production_ecrite,Écrire un court message,écriture,Écris un court message pour confirmer un rendez-vous demain à 10 h.,,[],"Bonjour, je confirme mon rendez-vous demain à 10 h. Merci et bonne journée.",Le message doit confirmer clairement le rendez-vous et rester poli.,"The answer should be polite, clear, and use complete sentences.",,"Bonjour, je confirme mon rendez-vous demain à 10 h. Merci et bonne journée.","[""écriture"", ""message"", ""politesse""]",3,5
b1-production-ecrite-006,B1,Écriture,Messages courts,production_ecrite,Écrire un court message,écriture,Écris trois phrases pour expliquer pourquoi tu apprends le français.,,[],J’apprends le français parce que j’habite au Québec. Je veux mieux comprendre les gens autour de moi. Je veux aussi être plus à l’aise au travail.,La réponse doit donner une raison claire et utiliser des phrases complètes.,"The answer should be polite, clear, and use complete sentences.",,J’apprends le français parce que j’habite au Québec. Je veux mieux comprendre les gens autour de moi. Je veux aussi être plus à l’aise au travail.,"[""écriture"", ""message"", ""politesse""]",3,5
b1-production-ecrite-007,B1,Écriture,Messages courts,production_ecrite,Écrire un court message,écriture,Écris un message pour dire que tu vas être en retard.,,[],"Bonjour, je suis désolé, je vais arriver avec quinze minutes de retard. Merci de votre compréhension.",Le message doit annoncer le retard et rester poli.,"The answer should be polite, clear, and use complete sentences.",,"Bonjour, je suis désolé, je vais arriver avec quinze minutes de retard. Merci de votre compréhension.","[""écriture"", ""message"", ""politesse""]",3,5
b1-production-ecrite-008,B1,Écriture,Messages courts,production_ecrite,Écrire un court message,écriture,Écris une réponse pour demander de répéter une information.,,[],"Bonjour, pourriez-vous répéter l’information, s’il vous plaît? Je veux être certain de bien comprendre.",La réponse doit demander poliment de répéter.,"The answer should be polite, clear, and use complete sentences.",,"Bonjour, pourriez-vous répéter l’information, s’il vous plaît? Je veux être certain de bien comprendre.","[""écriture"", ""message"", ""politesse""]",3,5
b1-production-ecrite-009,B1,Écriture,Messages courts,production_ecrite,Écrire un court message,écriture,Écris un court message pour confirmer un rendez-vous demain à 10 h.,,[],"Bonjour, je confirme mon rendez-vous demain à 10 h. Merci et bonne journée.",Le message doit confirmer clairement le rendez-vous et rester poli.,"The answer should be polite, clear, and use complete sentences.",,"Bonjour, je confirme mon rendez-vous demain à 10 h. Merci et bonne journée.","[""écriture"", ""message"", ""politesse""]",3,5
b1-production-ecrite-010,B1,Écriture,Messages courts,production_ecrite,Écrire un court message,écriture,Écris trois phrases pour expliquer pourquoi tu apprends le français.,,[],J’apprends le français parce que j’habite au Québec. Je veux mieux comprendre les gens autour de moi. Je veux aussi être plus à l’aise au travail.,La réponse doit donner une raison claire et utiliser des phrases complètes.,"The answer should be polite, clear, and use complete sentences.",,J’apprends le français parce que j’habite au Québec. Je veux mieux comprendre les gens autour de moi. Je veux aussi être plus à l’aise au travail.,"[""écriture"", ""message"", ""politesse""]",3,5
b1-production-ecrite-011,B1,Écriture,Messages courts,production_ecrite,Écrire un court message,écriture,Écris un message pour dire que tu vas être en retard.,,[],"Bonjour, je suis désolé, je vais arriver avec quinze minutes de retard. Merci de votre compréhension.",Le message doit annoncer le retard et rester poli.,"The answer should be polite, clear, and use complete sentences.",,"Bonjour, je suis désolé, je vais arriver avec quinze minutes de retard. Merci de votre compréhension.","[""écriture"", ""message"", ""politesse""]",3,5
b1-production-ecrite-012,B1,Écriture,Messages courts,production_ecrite,Écrire un court message,écriture,Écris une réponse pour demander de répéter une information.,,[],"Bonjour, pourriez-vous répéter l’information, s’il vous plaît? Je veux être certain de bien comprendre.",La réponse doit demander poliment de répéter.,"The answer should be polite, clear, and use complete sentences.",,"Bonjour, pourriez-vous répéter l’information, s’il vous plaît? Je veux être certain de bien comprendre.","[""écriture"", ""message"", ""politesse""]",3,5
b1-production-ecrite-013,B1,Écriture,Messages courts,production_ecrite,Écrire un court message,écriture,Écris un court message pour confirmer un rendez-vous demain à 10 h.,,[],"Bonjour, je confirme mon rendez-vous demain à 10 h. Merci et bonne journée.",Le message doit confirmer clairement le rendez-vous et rester poli.,"The answer should be polite, clear, and use complete sentences.",,"Bonjour, je confirme mon rendez-vous demain à 10 h. Merci et bonne journée.","[""écriture"", ""message"", ""politesse""]",3,5
b1-production-ecrite-014,B1,Écriture,Messages courts,production_ecrite,Écrire un court message,écriture,Écris trois phrases pour expliquer pourquoi tu apprends le français.,,[],J’apprends le français parce que j’habite au Québec. Je veux mieux comprendre les gens autour de moi. Je veux aussi être plus à l’aise au travail.,La réponse doit donner une raison claire et utiliser des phrases complètes.,"The answer should be polite, clear, and use complete sentences.",,J’apprends le français parce que j’habite au Québec. Je veux mieux comprendre les gens autour de moi. Je veux aussi être plus à l’aise au travail.,"[""écriture"", ""message"", ""politesse""]",3,5
b1-production-ecrite-015,B1,Écriture,Messages courts,production_ecrite,Écrire un court message,écriture,Écris un message pour dire que tu vas être en retard.,,[],"Bonjour, je suis désolé, je vais arriver avec quinze minutes de retard. Merci de votre compréhension.",Le message doit annoncer le retard et rester poli.,"The answer should be polite, clear, and use complete sentences.",,"Bonjour, je suis désolé, je vais arriver avec quinze minutes de retard. Merci de votre compréhension.","[""écriture"", ""message"", ""politesse""]",3,5
b1-production-ecrite-016,B1,Écriture,Messages courts,production_ecrite,Écrire un court message,écriture,Écris une réponse pour demander de répéter une information.,,[],"Bonjour, pourriez-vous répéter l’information, s’il vous plaît? Je veux être certain de bien comprendre.",La réponse doit demander poliment de répéter.,"The answer should be polite, clear, and use complete sentences.",,"Bonjour, pourriez-vous répéter l’information, s’il vous plaît? Je veux être certain de bien comprendre.","[""écriture"", ""message"", ""politesse""]",3,5
b1-production-ecrite-017,B1,Écriture,Messages courts,production_ecrite,Écrire un court message,écriture,Écris un court message pour confirmer un rendez-vous demain à 10 h.,,[],"Bonjour, je confirme mon rendez-vous demain à 10 h. Merci et bonne journée.",Le message doit confirmer clairement le rendez-vous et rester poli.,"The answer should be polite, clear, and use complete sentences.",,"Bonjour, je confirme mon rendez-vous demain à 10 h. Merci et bonne journée.","[""écriture"", ""message"", ""politesse""]",3,5
b1-production-ecrite-018,B1,Écriture,Messages courts,production_ecrite,Écrire un court message,écriture,Écris trois phrases pour expliquer pourquoi tu apprends le français.,,[],J’apprends le français parce que j’habite au Québec. Je veux mieux comprendre les gens autour de moi. Je veux aussi être plus à l’aise au travail.,La réponse doit donner une raison claire et utiliser des phrases complètes.,"The answer should be polite, clear, and use complete sentences.",,J’apprends le français parce que j’habite au Québec. Je veux mieux comprendre les gens autour de moi. Je veux aussi être plus à l’aise au travail.,"[""écriture"", ""message"", ""politesse""]",3,5
b1-production-ecrite-019,B1,Écriture,Messages courts,production_ecrite,Écrire un court message,écriture,Écris un message pour dire que tu vas être en retard.,,[],"Bonjour, je suis désolé, je vais arriver avec quinze minutes de retard. Merci de votre compréhension.",Le message doit annoncer le retard et rester poli.,"The answer should be polite, clear, and use complete sentences.",,"Bonjour, je suis désolé, je vais arriver avec quinze minutes de retard. Merci de votre compréhension.","[""écriture"", ""message"", ""politesse""]",3,5
b1-production-ecrite-020,B1,Écriture,Messages courts,production_ecrite,Écrire un court message,écriture,Écris une réponse pour demander de répéter une information.,,[],"Bonjour, pourriez-vous répéter l’information, s’il vous plaît? Je veux être certain de bien comprendre.",La réponse doit demander poliment de répéter.,"The answer should be polite, clear, and use complete sentences.",,"Bonjour, pourriez-vous répéter l’information, s’il vous plaît? Je veux être certain de bien comprendre.","[""écriture"", ""message"", ""politesse""]",3,5
b1plus-subjonctif-001,B1+,Grammaire solide,Subjonctif présent,quiz,Choisir le subjonctif,avancé,Choisis la bonne forme.,Il faut que tu ___ à l’heure.,"[""sois"", ""es"", ""seras"", ""étais""]",sois,"Après « il faut que », on utilise souvent le subjonctif: que tu sois.","After il faut que, use subjunctive.","« tu es » est l’indicatif, pas le subjonctif.",Il faut que je sois prêt.,"[""subjonctif présent"", ""il faut que"", ""émotion"", ""volonté""]",4,2
b1plus-subjonctif-002,B1+,Grammaire solide,Subjonctif présent,quiz,Choisir le subjonctif,avancé,Choisis la bonne forme.,Je veux qu’elle ___ plus souvent.,"[""vienne"", ""vient"", ""viendra"", ""venait""]",vienne,"Après « je veux que », on utilise le subjonctif.","After je veux que, use subjunctive.",« vient » est l’indicatif.,Je veux qu’il comprenne.,"[""subjonctif présent"", ""il faut que"", ""émotion"", ""volonté""]",4,2
b1plus-subjonctif-003,B1+,Grammaire solide,Subjonctif présent,quiz,Choisir le subjonctif,avancé,Choisis la bonne forme.,Il est important que nous ___ attention.,"[""fassions"", ""faisons"", ""ferons"", ""avons fait""]",fassions,"Après « il est important que », on utilise le subjonctif: que nous fassions.",Use subjunctive after il est important que.,« faisons » est l’indicatif.,Il est important que vous sachiez ça.,"[""subjonctif présent"", ""il faut que"", ""émotion"", ""volonté""]",4,2
b1plus-subjonctif-004,B1+,Grammaire solide,Subjonctif présent,quiz,Choisir le subjonctif,avancé,Choisis la bonne forme.,Je suis content que vous ___ ici.,"[""soyez"", ""êtes"", ""serez"", ""étiez""]",soyez,"Après une émotion comme « je suis content que », on utilise souvent le subjonctif.",Emotions often trigger subjunctive.,« êtes » est indicatif.,Je suis heureux que tu sois là.,"[""subjonctif présent"", ""il faut que"", ""émotion"", ""volonté""]",4,2
b1plus-subjonctif-005,B1+,Grammaire solide,Subjonctif présent,quiz,Choisir le subjonctif,avancé,Choisis la bonne forme.,Il faut qu’ils ___ le formulaire.,"[""remplissent"", ""remplissent-ils"", ""remplir"", ""remplissent pas""]",remplissent,Au subjonctif présent: qu’ils remplissent.,Subjunctive present: qu’ils remplissent.,« remplir » est l’infinitif.,Il faut qu’ils finissent.,"[""subjonctif présent"", ""il faut que"", ""émotion"", ""volonté""]",4,2
b1plus-subjonctif-006,B1+,Grammaire solide,Subjonctif présent,quiz,Choisir le subjonctif,avancé,Choisis la bonne forme.,Il faut que tu ___ à l’heure.,"[""sois"", ""es"", ""seras"", ""étais""]",sois,"Après « il faut que », on utilise souvent le subjonctif: que tu sois.","After il faut que, use subjunctive.","« tu es » est l’indicatif, pas le subjonctif.",Il faut que je sois prêt.,"[""subjonctif présent"", ""il faut que"", ""émotion"", ""volonté""]",4,2
b1plus-subjonctif-007,B1+,Grammaire solide,Subjonctif présent,quiz,Choisir le subjonctif,avancé,Choisis la bonne forme.,Je veux qu’elle ___ plus souvent.,"[""vienne"", ""vient"", ""viendra"", ""venait""]",vienne,"Après « je veux que », on utilise le subjonctif.","After je veux que, use subjunctive.",« vient » est l’indicatif.,Je veux qu’il comprenne.,"[""subjonctif présent"", ""il faut que"", ""émotion"", ""volonté""]",4,2
b1plus-subjonctif-008,B1+,Grammaire solide,Subjonctif présent,quiz,Choisir le subjonctif,avancé,Choisis la bonne forme.,Il est important que nous ___ attention.,"[""fassions"", ""faisons"", ""ferons"", ""avons fait""]",fassions,"Après « il est important que », on utilise le subjonctif: que nous fassions.",Use subjunctive after il est important que.,« faisons » est l’indicatif.,Il est important que vous sachiez ça.,"[""subjonctif présent"", ""il faut que"", ""émotion"", ""volonté""]",4,2
b1plus-subjonctif-009,B1+,Grammaire solide,Subjonctif présent,quiz,Choisir le subjonctif,avancé,Choisis la bonne forme.,Je suis content que vous ___ ici.,"[""soyez"", ""êtes"", ""serez"", ""étiez""]",soyez,"Après une émotion comme « je suis content que », on utilise souvent le subjonctif.",Emotions often trigger subjunctive.,« êtes » est indicatif.,Je suis heureux que tu sois là.,"[""subjonctif présent"", ""il faut que"", ""émotion"", ""volonté""]",4,2
b1plus-subjonctif-010,B1+,Grammaire solide,Subjonctif présent,quiz,Choisir le subjonctif,avancé,Choisis la bonne forme.,Il faut qu’ils ___ le formulaire.,"[""remplissent"", ""remplissent-ils"", ""remplir"", ""remplissent pas""]",remplissent,Au subjonctif présent: qu’ils remplissent.,Subjunctive present: qu’ils remplissent.,« remplir » est l’infinitif.,Il faut qu’ils finissent.,"[""subjonctif présent"", ""il faut que"", ""émotion"", ""volonté""]",4,2
b1plus-subjonctif-011,B1+,Grammaire solide,Subjonctif présent,quiz,Choisir le subjonctif,avancé,Choisis la bonne forme.,Il faut que tu ___ à l’heure.,"[""sois"", ""es"", ""seras"", ""étais""]",sois,"Après « il faut que », on utilise souvent le subjonctif: que tu sois.","After il faut que, use subjunctive.","« tu es » est l’indicatif, pas le subjonctif.",Il faut que je sois prêt.,"[""subjonctif présent"", ""il faut que"", ""émotion"", ""volonté""]",4,2
b1plus-subjonctif-012,B1+,Grammaire solide,Subjonctif présent,quiz,Choisir le subjonctif,avancé,Choisis la bonne forme.,Je veux qu’elle ___ plus souvent.,"[""vienne"", ""vient"", ""viendra"", ""venait""]",vienne,"Après « je veux que », on utilise le subjonctif.","After je veux que, use subjunctive.",« vient » est l’indicatif.,Je veux qu’il comprenne.,"[""subjonctif présent"", ""il faut que"", ""émotion"", ""volonté""]",4,2
b1plus-subjonctif-013,B1+,Grammaire solide,Subjonctif présent,quiz,Choisir le subjonctif,avancé,Choisis la bonne forme.,Il est important que nous ___ attention.,"[""fassions"", ""faisons"", ""ferons"", ""avons fait""]",fassions,"Après « il est important que », on utilise le subjonctif: que nous fassions.",Use subjunctive after il est important que.,« faisons » est l’indicatif.,Il est important que vous sachiez ça.,"[""subjonctif présent"", ""il faut que"", ""émotion"", ""volonté""]",4,2
b1plus-subjonctif-014,B1+,Grammaire solide,Subjonctif présent,quiz,Choisir le subjonctif,avancé,Choisis la bonne forme.,Je suis content que vous ___ ici.,"[""soyez"", ""êtes"", ""serez"", ""étiez""]",soyez,"Après une émotion comme « je suis content que », on utilise souvent le subjonctif.",Emotions often trigger subjunctive.,« êtes » est indicatif.,Je suis heureux que tu sois là.,"[""subjonctif présent"", ""il faut que"", ""émotion"", ""volonté""]",4,2
b1plus-subjonctif-015,B1+,Grammaire solide,Subjonctif présent,quiz,Choisir le subjonctif,avancé,Choisis la bonne forme.,Il faut qu’ils ___ le formulaire.,"[""remplissent"", ""remplissent-ils"", ""remplir"", ""remplissent pas""]",remplissent,Au subjonctif présent: qu’ils remplissent.,Subjunctive present: qu’ils remplissent.,« remplir » est l’infinitif.,Il faut qu’ils finissent.,"[""subjonctif présent"", ""il faut que"", ""émotion"", ""volonté""]",4,2
b1plus-subjonctif-016,B1+,Grammaire solide,Subjonctif présent,quiz,Choisir le subjonctif,avancé,Choisis la bonne forme.,Il faut que tu ___ à l’heure.,"[""sois"", ""es"", ""seras"", ""étais""]",sois,"Après « il faut que », on utilise souvent le subjonctif: que tu sois.","After il faut que, use subjunctive.","« tu es » est l’indicatif, pas le subjonctif.",Il faut que je sois prêt.,"[""subjonctif présent"", ""il faut que"", ""émotion"", ""volonté""]",4,2
b1plus-subjonctif-017,B1+,Grammaire solide,Subjonctif présent,quiz,Choisir le subjonctif,avancé,Choisis la bonne forme.,Je veux qu’elle ___ plus souvent.,"[""vienne"", ""vient"", ""viendra"", ""venait""]",vienne,"Après « je veux que », on utilise le subjonctif.","After je veux que, use subjunctive.",« vient » est l’indicatif.,Je veux qu’il comprenne.,"[""subjonctif présent"", ""il faut que"", ""émotion"", ""volonté""]",4,2
b1plus-subjonctif-018,B1+,Grammaire solide,Subjonctif présent,quiz,Choisir le subjonctif,avancé,Choisis la bonne forme.,Il est important que nous ___ attention.,"[""fassions"", ""faisons"", ""ferons"", ""avons fait""]",fassions,"Après « il est important que », on utilise le subjonctif: que nous fassions.",Use subjunctive after il est important que.,« faisons » est l’indicatif.,Il est important que vous sachiez ça.,"[""subjonctif présent"", ""il faut que"", ""émotion"", ""volonté""]",4,2
b1plus-subjonctif-019,B1+,Grammaire solide,Subjonctif présent,quiz,Choisir le subjonctif,avancé,Choisis la bonne forme.,Je suis content que vous ___ ici.,"[""soyez"", ""êtes"", ""serez"", ""étiez""]",soyez,"Après une émotion comme « je suis content que », on utilise souvent le subjonctif.",Emotions often trigger subjunctive.,« êtes » est indicatif.,Je suis heureux que tu sois là.,"[""subjonctif présent"", ""il faut que"", ""émotion"", ""volonté""]",4,2
b1plus-subjonctif-020,B1+,Grammaire solide,Subjonctif présent,quiz,Choisir le subjonctif,avancé,Choisis la bonne forme.,Il faut qu’ils ___ le formulaire.,"[""remplissent"", ""remplissent-ils"", ""remplir"", ""remplissent pas""]",remplissent,Au subjonctif présent: qu’ils remplissent.,Subjunctive present: qu’ils remplissent.,« remplir » est l’infinitif.,Il faut qu’ils finissent.,"[""subjonctif présent"", ""il faut que"", ""émotion"", ""volonté""]",4,2
b1plus-subjonctif-021,B1+,Grammaire solide,Subjonctif présent,quiz,Choisir le subjonctif,avancé,Choisis la bonne forme.,Il faut que tu ___ à l’heure.,"[""sois"", ""es"", ""seras"", ""étais""]",sois,"Après « il faut que », on utilise souvent le subjonctif: que tu sois.","After il faut que, use subjunctive.","« tu es » est l’indicatif, pas le subjonctif.",Il faut que je sois prêt.,"[""subjonctif présent"", ""il faut que"", ""émotion"", ""volonté""]",4,2
b1plus-subjonctif-022,B1+,Grammaire solide,Subjonctif présent,quiz,Choisir le subjonctif,avancé,Choisis la bonne forme.,Je veux qu’elle ___ plus souvent.,"[""vienne"", ""vient"", ""viendra"", ""venait""]",vienne,"Après « je veux que », on utilise le subjonctif.","After je veux que, use subjunctive.",« vient » est l’indicatif.,Je veux qu’il comprenne.,"[""subjonctif présent"", ""il faut que"", ""émotion"", ""volonté""]",4,2
b1plus-subjonctif-023,B1+,Grammaire solide,Subjonctif présent,quiz,Choisir le subjonctif,avancé,Choisis la bonne forme.,Il est important que nous ___ attention.,"[""fassions"", ""faisons"", ""ferons"", ""avons fait""]",fassions,"Après « il est important que », on utilise le subjonctif: que nous fassions.",Use subjunctive after il est important que.,« faisons » est l’indicatif.,Il est important que vous sachiez ça.,"[""subjonctif présent"", ""il faut que"", ""émotion"", ""volonté""]",4,2
b1plus-subjonctif-024,B1+,Grammaire solide,Subjonctif présent,quiz,Choisir le subjonctif,avancé,Choisis la bonne forme.,Je suis content que vous ___ ici.,"[""soyez"", ""êtes"", ""serez"", ""étiez""]",soyez,"Après une émotion comme « je suis content que », on utilise souvent le subjonctif.",Emotions often trigger subjunctive.,« êtes » est indicatif.,Je suis heureux que tu sois là.,"[""subjonctif présent"", ""il faut que"", ""émotion"", ""volonté""]",4,2
b1plus-subjonctif-025,B1+,Grammaire solide,Subjonctif présent,quiz,Choisir le subjonctif,avancé,Choisis la bonne forme.,Il faut qu’ils ___ le formulaire.,"[""remplissent"", ""remplissent-ils"", ""remplir"", ""remplissent pas""]",remplissent,Au subjonctif présent: qu’ils remplissent.,Subjunctive present: qu’ils remplissent.,« remplir » est l’infinitif.,Il faut qu’ils finissent.,"[""subjonctif présent"", ""il faut que"", ""émotion"", ""volonté""]",4,2
b1plus-y-en-001,B1+,Pronoms,Pronoms y et en,quiz,Choisir y ou en,avancé,Choisis le bon pronom.,"Tu vas à Montréal? Oui, j’___ vais.","[""y"", ""en"", ""le"", ""lui""]",y,« Y » remplace souvent un lieu introduit par « à ».,Y often replaces a place introduced by à.,« En » remplace souvent de + chose/lieu ou une quantité.,Je vais au marché. J’y vais.,"[""y"", ""en"", ""pronoms""]",4,2
b1plus-y-en-002,B1+,Pronoms,Pronoms y et en,quiz,Choisir y ou en,avancé,Choisis le bon pronom.,"Tu as besoin de café? Oui, j’___ ai besoin.","[""en"", ""y"", ""le"", ""lui""]",en,« En » remplace « de + quelque chose ».,En replaces de + something.,« Y » remplace souvent à + lieu/chose.,J’ai besoin d’aide. J’en ai besoin.,"[""y"", ""en"", ""pronoms""]",4,2
b1plus-y-en-003,B1+,Pronoms,Pronoms y et en,quiz,Choisir y ou en,avancé,Choisis le bon pronom.,Elle pense à son examen. Elle ___ pense.,"[""y"", ""en"", ""le"", ""la""]",y,« Penser à quelque chose » peut devenir « y penser ».,Penser à quelque chose -> y penser.,« En » remplace plutôt de + chose.,Je pense à mon projet. J’y pense.,"[""y"", ""en"", ""pronoms""]",4,2
b1plus-y-en-004,B1+,Pronoms,Pronoms y et en,quiz,Choisir y ou en,avancé,Choisis le bon pronom.,Il parle de son voyage. Il ___ parle.,"[""en"", ""y"", ""le"", ""lui""]",en,« Parler de quelque chose » devient « en parler ».,Parler de something -> en parler.,« Y » correspond plutôt à à + chose/lieu.,Elle parle de son travail. Elle en parle.,"[""y"", ""en"", ""pronoms""]",4,2
b1plus-y-en-005,B1+,Pronoms,Pronoms y et en,quiz,Choisir y ou en,avancé,Choisis le bon pronom.,"Tu veux du thé? Oui, j’___ veux.","[""en"", ""y"", ""le"", ""lui""]",en,"Pour une quantité non précisée avec un partitif, on utilise « en ».",Use en for an unspecified quantity.,« Le » voudrait dire un thé précis.,Tu veux du pain? J’en veux.,"[""y"", ""en"", ""pronoms""]",4,2
b1plus-y-en-006,B1+,Pronoms,Pronoms y et en,quiz,Choisir y ou en,avancé,Choisis le bon pronom.,"Tu vas à Montréal? Oui, j’___ vais.","[""y"", ""en"", ""le"", ""lui""]",y,« Y » remplace souvent un lieu introduit par « à ».,Y often replaces a place introduced by à.,« En » remplace souvent de + chose/lieu ou une quantité.,Je vais au marché. J’y vais.,"[""y"", ""en"", ""pronoms""]",4,2
b1plus-y-en-007,B1+,Pronoms,Pronoms y et en,quiz,Choisir y ou en,avancé,Choisis le bon pronom.,"Tu as besoin de café? Oui, j’___ ai besoin.","[""en"", ""y"", ""le"", ""lui""]",en,« En » remplace « de + quelque chose ».,En replaces de + something.,« Y » remplace souvent à + lieu/chose.,J’ai besoin d’aide. J’en ai besoin.,"[""y"", ""en"", ""pronoms""]",4,2
b1plus-y-en-008,B1+,Pronoms,Pronoms y et en,quiz,Choisir y ou en,avancé,Choisis le bon pronom.,Elle pense à son examen. Elle ___ pense.,"[""y"", ""en"", ""le"", ""la""]",y,« Penser à quelque chose » peut devenir « y penser ».,Penser à quelque chose -> y penser.,« En » remplace plutôt de + chose.,Je pense à mon projet. J’y pense.,"[""y"", ""en"", ""pronoms""]",4,2
b1plus-y-en-009,B1+,Pronoms,Pronoms y et en,quiz,Choisir y ou en,avancé,Choisis le bon pronom.,Il parle de son voyage. Il ___ parle.,"[""en"", ""y"", ""le"", ""lui""]",en,« Parler de quelque chose » devient « en parler ».,Parler de something -> en parler.,« Y » correspond plutôt à à + chose/lieu.,Elle parle de son travail. Elle en parle.,"[""y"", ""en"", ""pronoms""]",4,2
b1plus-y-en-010,B1+,Pronoms,Pronoms y et en,quiz,Choisir y ou en,avancé,Choisis le bon pronom.,"Tu veux du thé? Oui, j’___ veux.","[""en"", ""y"", ""le"", ""lui""]",en,"Pour une quantité non précisée avec un partitif, on utilise « en ».",Use en for an unspecified quantity.,« Le » voudrait dire un thé précis.,Tu veux du pain? J’en veux.,"[""y"", ""en"", ""pronoms""]",4,2
b1plus-y-en-011,B1+,Pronoms,Pronoms y et en,quiz,Choisir y ou en,avancé,Choisis le bon pronom.,"Tu vas à Montréal? Oui, j’___ vais.","[""y"", ""en"", ""le"", ""lui""]",y,« Y » remplace souvent un lieu introduit par « à ».,Y often replaces a place introduced by à.,« En » remplace souvent de + chose/lieu ou une quantité.,Je vais au marché. J’y vais.,"[""y"", ""en"", ""pronoms""]",4,2
b1plus-y-en-012,B1+,Pronoms,Pronoms y et en,quiz,Choisir y ou en,avancé,Choisis le bon pronom.,"Tu as besoin de café? Oui, j’___ ai besoin.","[""en"", ""y"", ""le"", ""lui""]",en,« En » remplace « de + quelque chose ».,En replaces de + something.,« Y » remplace souvent à + lieu/chose.,J’ai besoin d’aide. J’en ai besoin.,"[""y"", ""en"", ""pronoms""]",4,2
b1plus-y-en-013,B1+,Pronoms,Pronoms y et en,quiz,Choisir y ou en,avancé,Choisis le bon pronom.,Elle pense à son examen. Elle ___ pense.,"[""y"", ""en"", ""le"", ""la""]",y,« Penser à quelque chose » peut devenir « y penser ».,Penser à quelque chose -> y penser.,« En » remplace plutôt de + chose.,Je pense à mon projet. J’y pense.,"[""y"", ""en"", ""pronoms""]",4,2
b1plus-y-en-014,B1+,Pronoms,Pronoms y et en,quiz,Choisir y ou en,avancé,Choisis le bon pronom.,Il parle de son voyage. Il ___ parle.,"[""en"", ""y"", ""le"", ""lui""]",en,« Parler de quelque chose » devient « en parler ».,Parler de something -> en parler.,« Y » correspond plutôt à à + chose/lieu.,Elle parle de son travail. Elle en parle.,"[""y"", ""en"", ""pronoms""]",4,2
b1plus-y-en-015,B1+,Pronoms,Pronoms y et en,quiz,Choisir y ou en,avancé,Choisis le bon pronom.,"Tu veux du thé? Oui, j’___ veux.","[""en"", ""y"", ""le"", ""lui""]",en,"Pour une quantité non précisée avec un partitif, on utilise « en ».",Use en for an unspecified quantity.,« Le » voudrait dire un thé précis.,Tu veux du pain? J’en veux.,"[""y"", ""en"", ""pronoms""]",4,2
b1plus-y-en-016,B1+,Pronoms,Pronoms y et en,quiz,Choisir y ou en,avancé,Choisis le bon pronom.,"Tu vas à Montréal? Oui, j’___ vais.","[""y"", ""en"", ""le"", ""lui""]",y,« Y » remplace souvent un lieu introduit par « à ».,Y often replaces a place introduced by à.,« En » remplace souvent de + chose/lieu ou une quantité.,Je vais au marché. J’y vais.,"[""y"", ""en"", ""pronoms""]",4,2
b1plus-y-en-017,B1+,Pronoms,Pronoms y et en,quiz,Choisir y ou en,avancé,Choisis le bon pronom.,"Tu as besoin de café? Oui, j’___ ai besoin.","[""en"", ""y"", ""le"", ""lui""]",en,« En » remplace « de + quelque chose ».,En replaces de + something.,« Y » remplace souvent à + lieu/chose.,J’ai besoin d’aide. J’en ai besoin.,"[""y"", ""en"", ""pronoms""]",4,2
b1plus-y-en-018,B1+,Pronoms,Pronoms y et en,quiz,Choisir y ou en,avancé,Choisis le bon pronom.,Elle pense à son examen. Elle ___ pense.,"[""y"", ""en"", ""le"", ""la""]",y,« Penser à quelque chose » peut devenir « y penser ».,Penser à quelque chose -> y penser.,« En » remplace plutôt de + chose.,Je pense à mon projet. J’y pense.,"[""y"", ""en"", ""pronoms""]",4,2
b1plus-y-en-019,B1+,Pronoms,Pronoms y et en,quiz,Choisir y ou en,avancé,Choisis le bon pronom.,Il parle de son voyage. Il ___ parle.,"[""en"", ""y"", ""le"", ""lui""]",en,« Parler de quelque chose » devient « en parler ».,Parler de something -> en parler.,« Y » correspond plutôt à à + chose/lieu.,Elle parle de son travail. Elle en parle.,"[""y"", ""en"", ""pronoms""]",4,2
b1plus-y-en-020,B1+,Pronoms,Pronoms y et en,quiz,Choisir y ou en,avancé,Choisis le bon pronom.,"Tu veux du thé? Oui, j’___ veux.","[""en"", ""y"", ""le"", ""lui""]",en,"Pour une quantité non précisée avec un partitif, on utilise « en ».",Use en for an unspecified quantity.,« Le » voudrait dire un thé précis.,Tu veux du pain? J’en veux.,"[""y"", ""en"", ""pronoms""]",4,2
b1plus-y-en-021,B1+,Pronoms,Pronoms y et en,quiz,Choisir y ou en,avancé,Choisis le bon pronom.,"Tu vas à Montréal? Oui, j’___ vais.","[""y"", ""en"", ""le"", ""lui""]",y,« Y » remplace souvent un lieu introduit par « à ».,Y often replaces a place introduced by à.,« En » remplace souvent de + chose/lieu ou une quantité.,Je vais au marché. J’y vais.,"[""y"", ""en"", ""pronoms""]",4,2
b1plus-y-en-022,B1+,Pronoms,Pronoms y et en,quiz,Choisir y ou en,avancé,Choisis le bon pronom.,"Tu as besoin de café? Oui, j’___ ai besoin.","[""en"", ""y"", ""le"", ""lui""]",en,« En » remplace « de + quelque chose ».,En replaces de + something.,« Y » remplace souvent à + lieu/chose.,J’ai besoin d’aide. J’en ai besoin.,"[""y"", ""en"", ""pronoms""]",4,2
b1plus-y-en-023,B1+,Pronoms,Pronoms y et en,quiz,Choisir y ou en,avancé,Choisis le bon pronom.,Elle pense à son examen. Elle ___ pense.,"[""y"", ""en"", ""le"", ""la""]",y,« Penser à quelque chose » peut devenir « y penser ».,Penser à quelque chose -> y penser.,« En » remplace plutôt de + chose.,Je pense à mon projet. J’y pense.,"[""y"", ""en"", ""pronoms""]",4,2
b1plus-y-en-024,B1+,Pronoms,Pronoms y et en,quiz,Choisir y ou en,avancé,Choisis le bon pronom.,Il parle de son voyage. Il ___ parle.,"[""en"", ""y"", ""le"", ""lui""]",en,« Parler de quelque chose » devient « en parler ».,Parler de something -> en parler.,« Y » correspond plutôt à à + chose/lieu.,Elle parle de son travail. Elle en parle.,"[""y"", ""en"", ""pronoms""]",4,2
b1plus-y-en-025,B1+,Pronoms,Pronoms y et en,quiz,Choisir y ou en,avancé,Choisis le bon pronom.,"Tu veux du thé? Oui, j’___ veux.","[""en"", ""y"", ""le"", ""lui""]",en,"Pour une quantité non précisée avec un partitif, on utilise « en ».",Use en for an unspecified quantity.,« Le » voudrait dire un thé précis.,Tu veux du pain? J’en veux.,"[""y"", ""en"", ""pronoms""]",4,2
b1plus-discours-indirect-001,B1+,Phrases complexes,Discours indirect,quiz,Transformer au discours indirect,communication,Choisis la bonne transformation.,Il dit: « Je suis fatigué. » → Il dit qu’il ___ fatigué.,"[""est"", ""soit"", ""était"", ""sera""]",est,"Au discours indirect au présent, « je » devient « il » et le verbe reste au présent ici.","In reported speech in present, je becomes il and tense stays present.","« soit » serait subjonctif, pas nécessaire ici.",Elle dit qu’elle arrive.,"[""discours indirect"", ""questions indirectes""]",4,2
b1plus-discours-indirect-002,B1+,Phrases complexes,Discours indirect,quiz,Transformer au discours indirect,communication,Choisis la bonne transformation.,Elle demande: « Où habites-tu? » → Elle demande où tu ___.,"[""habites"", ""habite"", ""habiter"", ""habitais""]",habites,La question devient une phrase indirecte: où tu habites.,Indirect question: où tu habites.,On ne garde pas l’inversion ici.,Il demande quand tu pars.,"[""discours indirect"", ""questions indirectes""]",4,2
b1plus-discours-indirect-003,B1+,Phrases complexes,Discours indirect,quiz,Transformer au discours indirect,communication,Choisis la bonne transformation.,Paul dit: « Je vais partir. » → Paul dit qu’il ___ partir.,"[""va"", ""vais"", ""ira"", ""allait""]",va,« Je vais » devient « il va » au discours indirect.,Je vais becomes il va.,« vais » s’utilise avec je.,Marie dit qu’elle va venir.,"[""discours indirect"", ""questions indirectes""]",4,2
b1plus-discours-indirect-004,B1+,Phrases complexes,Discours indirect,quiz,Transformer au discours indirect,communication,Choisis la bonne transformation.,Elle demande: « Est-ce que tu viens? » → Elle demande si tu ___.,"[""viens"", ""viens-tu"", ""viendras-tu"", ""venir""]",viens,Une question oui/non devient souvent « si » au discours indirect.,Yes/no reported questions use si.,On ne garde pas « viens-tu » ici.,Il demande si tu comprends.,"[""discours indirect"", ""questions indirectes""]",4,2
b1plus-discours-indirect-005,B1+,Phrases complexes,Discours indirect,quiz,Transformer au discours indirect,communication,Choisis la bonne transformation.,Il dit: « J’ai compris. » → Il dit qu’il ___.,"[""a compris"", ""ai compris"", ""est compris"", ""comprend""]",a compris,« J’ai » devient « il a ». Le passé composé reste possible ici.,J’ai becomes il a.,« ai » s’utilise avec je.,Elle dit qu’elle a terminé.,"[""discours indirect"", ""questions indirectes""]",4,2
b1plus-discours-indirect-006,B1+,Phrases complexes,Discours indirect,quiz,Transformer au discours indirect,communication,Choisis la bonne transformation.,Il dit: « Je suis fatigué. » → Il dit qu’il ___ fatigué.,"[""est"", ""soit"", ""était"", ""sera""]",est,"Au discours indirect au présent, « je » devient « il » et le verbe reste au présent ici.","In reported speech in present, je becomes il and tense stays present.","« soit » serait subjonctif, pas nécessaire ici.",Elle dit qu’elle arrive.,"[""discours indirect"", ""questions indirectes""]",4,2
b1plus-discours-indirect-007,B1+,Phrases complexes,Discours indirect,quiz,Transformer au discours indirect,communication,Choisis la bonne transformation.,Elle demande: « Où habites-tu? » → Elle demande où tu ___.,"[""habites"", ""habite"", ""habiter"", ""habitais""]",habites,La question devient une phrase indirecte: où tu habites.,Indirect question: où tu habites.,On ne garde pas l’inversion ici.,Il demande quand tu pars.,"[""discours indirect"", ""questions indirectes""]",4,2
b1plus-discours-indirect-008,B1+,Phrases complexes,Discours indirect,quiz,Transformer au discours indirect,communication,Choisis la bonne transformation.,Paul dit: « Je vais partir. » → Paul dit qu’il ___ partir.,"[""va"", ""vais"", ""ira"", ""allait""]",va,« Je vais » devient « il va » au discours indirect.,Je vais becomes il va.,« vais » s’utilise avec je.,Marie dit qu’elle va venir.,"[""discours indirect"", ""questions indirectes""]",4,2
b1plus-discours-indirect-009,B1+,Phrases complexes,Discours indirect,quiz,Transformer au discours indirect,communication,Choisis la bonne transformation.,Elle demande: « Est-ce que tu viens? » → Elle demande si tu ___.,"[""viens"", ""viens-tu"", ""viendras-tu"", ""venir""]",viens,Une question oui/non devient souvent « si » au discours indirect.,Yes/no reported questions use si.,On ne garde pas « viens-tu » ici.,Il demande si tu comprends.,"[""discours indirect"", ""questions indirectes""]",4,2
b1plus-discours-indirect-010,B1+,Phrases complexes,Discours indirect,quiz,Transformer au discours indirect,communication,Choisis la bonne transformation.,Il dit: « J’ai compris. » → Il dit qu’il ___.,"[""a compris"", ""ai compris"", ""est compris"", ""comprend""]",a compris,« J’ai » devient « il a ». Le passé composé reste possible ici.,J’ai becomes il a.,« ai » s’utilise avec je.,Elle dit qu’elle a terminé.,"[""discours indirect"", ""questions indirectes""]",4,2
b1plus-discours-indirect-011,B1+,Phrases complexes,Discours indirect,quiz,Transformer au discours indirect,communication,Choisis la bonne transformation.,Il dit: « Je suis fatigué. » → Il dit qu’il ___ fatigué.,"[""est"", ""soit"", ""était"", ""sera""]",est,"Au discours indirect au présent, « je » devient « il » et le verbe reste au présent ici.","In reported speech in present, je becomes il and tense stays present.","« soit » serait subjonctif, pas nécessaire ici.",Elle dit qu’elle arrive.,"[""discours indirect"", ""questions indirectes""]",4,2
b1plus-discours-indirect-012,B1+,Phrases complexes,Discours indirect,quiz,Transformer au discours indirect,communication,Choisis la bonne transformation.,Elle demande: « Où habites-tu? » → Elle demande où tu ___.,"[""habites"", ""habite"", ""habiter"", ""habitais""]",habites,La question devient une phrase indirecte: où tu habites.,Indirect question: où tu habites.,On ne garde pas l’inversion ici.,Il demande quand tu pars.,"[""discours indirect"", ""questions indirectes""]",4,2
b1plus-discours-indirect-013,B1+,Phrases complexes,Discours indirect,quiz,Transformer au discours indirect,communication,Choisis la bonne transformation.,Paul dit: « Je vais partir. » → Paul dit qu’il ___ partir.,"[""va"", ""vais"", ""ira"", ""allait""]",va,« Je vais » devient « il va » au discours indirect.,Je vais becomes il va.,« vais » s’utilise avec je.,Marie dit qu’elle va venir.,"[""discours indirect"", ""questions indirectes""]",4,2
b1plus-discours-indirect-014,B1+,Phrases complexes,Discours indirect,quiz,Transformer au discours indirect,communication,Choisis la bonne transformation.,Elle demande: « Est-ce que tu viens? » → Elle demande si tu ___.,"[""viens"", ""viens-tu"", ""viendras-tu"", ""venir""]",viens,Une question oui/non devient souvent « si » au discours indirect.,Yes/no reported questions use si.,On ne garde pas « viens-tu » ici.,Il demande si tu comprends.,"[""discours indirect"", ""questions indirectes""]",4,2
b1plus-discours-indirect-015,B1+,Phrases complexes,Discours indirect,quiz,Transformer au discours indirect,communication,Choisis la bonne transformation.,Il dit: « J’ai compris. » → Il dit qu’il ___.,"[""a compris"", ""ai compris"", ""est compris"", ""comprend""]",a compris,« J’ai » devient « il a ». Le passé composé reste possible ici.,J’ai becomes il a.,« ai » s’utilise avec je.,Elle dit qu’elle a terminé.,"[""discours indirect"", ""questions indirectes""]",4,2
b1plus-discours-indirect-016,B1+,Phrases complexes,Discours indirect,quiz,Transformer au discours indirect,communication,Choisis la bonne transformation.,Il dit: « Je suis fatigué. » → Il dit qu’il ___ fatigué.,"[""est"", ""soit"", ""était"", ""sera""]",est,"Au discours indirect au présent, « je » devient « il » et le verbe reste au présent ici.","In reported speech in present, je becomes il and tense stays present.","« soit » serait subjonctif, pas nécessaire ici.",Elle dit qu’elle arrive.,"[""discours indirect"", ""questions indirectes""]",4,2
b1plus-discours-indirect-017,B1+,Phrases complexes,Discours indirect,quiz,Transformer au discours indirect,communication,Choisis la bonne transformation.,Elle demande: « Où habites-tu? » → Elle demande où tu ___.,"[""habites"", ""habite"", ""habiter"", ""habitais""]",habites,La question devient une phrase indirecte: où tu habites.,Indirect question: où tu habites.,On ne garde pas l’inversion ici.,Il demande quand tu pars.,"[""discours indirect"", ""questions indirectes""]",4,2
b1plus-discours-indirect-018,B1+,Phrases complexes,Discours indirect,quiz,Transformer au discours indirect,communication,Choisis la bonne transformation.,Paul dit: « Je vais partir. » → Paul dit qu’il ___ partir.,"[""va"", ""vais"", ""ira"", ""allait""]",va,« Je vais » devient « il va » au discours indirect.,Je vais becomes il va.,« vais » s’utilise avec je.,Marie dit qu’elle va venir.,"[""discours indirect"", ""questions indirectes""]",4,2
b1plus-discours-indirect-019,B1+,Phrases complexes,Discours indirect,quiz,Transformer au discours indirect,communication,Choisis la bonne transformation.,Elle demande: « Est-ce que tu viens? » → Elle demande si tu ___.,"[""viens"", ""viens-tu"", ""viendras-tu"", ""venir""]",viens,Une question oui/non devient souvent « si » au discours indirect.,Yes/no reported questions use si.,On ne garde pas « viens-tu » ici.,Il demande si tu comprends.,"[""discours indirect"", ""questions indirectes""]",4,2
b1plus-discours-indirect-020,B1+,Phrases complexes,Discours indirect,quiz,Transformer au discours indirect,communication,Choisis la bonne transformation.,Il dit: « J’ai compris. » → Il dit qu’il ___.,"[""a compris"", ""ai compris"", ""est compris"", ""comprend""]",a compris,« J’ai » devient « il a ». Le passé composé reste possible ici.,J’ai becomes il a.,« ai » s’utilise avec je.,Elle dit qu’elle a terminé.,"[""discours indirect"", ""questions indirectes""]",4,2
b1plus-discours-indirect-021,B1+,Phrases complexes,Discours indirect,quiz,Transformer au discours indirect,communication,Choisis la bonne transformation.,Il dit: « Je suis fatigué. » → Il dit qu’il ___ fatigué.,"[""est"", ""soit"", ""était"", ""sera""]",est,"Au discours indirect au présent, « je » devient « il » et le verbe reste au présent ici.","In reported speech in present, je becomes il and tense stays present.","« soit » serait subjonctif, pas nécessaire ici.",Elle dit qu’elle arrive.,"[""discours indirect"", ""questions indirectes""]",4,2
b1plus-discours-indirect-022,B1+,Phrases complexes,Discours indirect,quiz,Transformer au discours indirect,communication,Choisis la bonne transformation.,Elle demande: « Où habites-tu? » → Elle demande où tu ___.,"[""habites"", ""habite"", ""habiter"", ""habitais""]",habites,La question devient une phrase indirecte: où tu habites.,Indirect question: où tu habites.,On ne garde pas l’inversion ici.,Il demande quand tu pars.,"[""discours indirect"", ""questions indirectes""]",4,2
b1plus-discours-indirect-023,B1+,Phrases complexes,Discours indirect,quiz,Transformer au discours indirect,communication,Choisis la bonne transformation.,Paul dit: « Je vais partir. » → Paul dit qu’il ___ partir.,"[""va"", ""vais"", ""ira"", ""allait""]",va,« Je vais » devient « il va » au discours indirect.,Je vais becomes il va.,« vais » s’utilise avec je.,Marie dit qu’elle va venir.,"[""discours indirect"", ""questions indirectes""]",4,2
b1plus-discours-indirect-024,B1+,Phrases complexes,Discours indirect,quiz,Transformer au discours indirect,communication,Choisis la bonne transformation.,Elle demande: « Est-ce que tu viens? » → Elle demande si tu ___.,"[""viens"", ""viens-tu"", ""viendras-tu"", ""venir""]",viens,Une question oui/non devient souvent « si » au discours indirect.,Yes/no reported questions use si.,On ne garde pas « viens-tu » ici.,Il demande si tu comprends.,"[""discours indirect"", ""questions indirectes""]",4,2
b1plus-discours-indirect-025,B1+,Phrases complexes,Discours indirect,quiz,Transformer au discours indirect,communication,Choisis la bonne transformation.,Il dit: « J’ai compris. » → Il dit qu’il ___.,"[""a compris"", ""ai compris"", ""est compris"", ""comprend""]",a compris,« J’ai » devient « il a ». Le passé composé reste possible ici.,J’ai becomes il a.,« ai » s’utilise avec je.,Elle dit qu’elle a terminé.,"[""discours indirect"", ""questions indirectes""]",4,2
b1plus-hypotheses-001,B1+,Phrases complexes,Hypothèses avec si,quiz,Choisir la bonne hypothèse,avancé,Choisis la bonne forme.,"Si j’ai le temps, je ___ te téléphoner.","[""vais"", ""irais"", ""allais"", ""suis""]",vais,"Avec « si + présent », on peut utiliser le futur proche ou le futur dans la conséquence.","With si + present, use future/futur proche in result.",« irais » correspond plutôt à une hypothèse moins réelle.,"Si je peux, je vais venir.","[""si"", ""conditionnel"", ""hypothèse""]",4,2
b1plus-hypotheses-002,B1+,Phrases complexes,Hypothèses avec si,quiz,Choisir la bonne hypothèse,avancé,Choisis la bonne forme.,"Si j’avais plus de temps, je ___ plus souvent.","[""lirais"", ""lis"", ""lirai"", ""lisais""]",lirais,"Avec « si + imparfait », on utilise souvent le conditionnel.",Si + imparfait often takes conditional.,"« lirai » est futur simple, moins adapté ici.","Si j’étais libre, je voyagerais.","[""si"", ""conditionnel"", ""hypothèse""]",4,2
b1plus-hypotheses-003,B1+,Phrases complexes,Hypothèses avec si,quiz,Choisir la bonne hypothèse,avancé,Choisis la bonne forme.,"Si tu veux, on ___ demain.","[""peut se voir"", ""pouvait se voir"", ""se verrait"", ""se voir""]",peut se voir,"Avec « si tu veux », on peut proposer au présent: on peut se voir.",Si tu veux can pair with present proposal.,« se voir » seul n’est pas une phrase complète.,"Si tu veux, on peut partir.","[""si"", ""conditionnel"", ""hypothèse""]",4,2
b1plus-hypotheses-004,B1+,Phrases complexes,Hypothèses avec si,quiz,Choisir la bonne hypothèse,avancé,Choisis la bonne forme.,"Si elle était ici, elle ___ quoi faire.","[""saurait"", ""sait"", ""saura"", ""savait""]",saurait,"Hypothèse avec imparfait + conditionnel: si elle était, elle saurait.",Hypothesis: imparfait + conditional.,« sait » est présent.,"Si j’avais une voiture, je viendrais.","[""si"", ""conditionnel"", ""hypothèse""]",4,2
b1plus-hypotheses-005,B1+,Phrases complexes,Hypothèses avec si,quiz,Choisir la bonne hypothèse,avancé,Choisis la bonne forme.,"Si nous finissons tôt, nous ___ au parc.","[""irons"", ""irions"", ""allions"", ""sommes allés""]",irons,"Avec « si + présent », on peut utiliser le futur simple.",Si + present can take future simple.,« irions » irait avec si + imparfait.,"Si tu viens, je serai content.","[""si"", ""conditionnel"", ""hypothèse""]",4,2
b1plus-hypotheses-006,B1+,Phrases complexes,Hypothèses avec si,quiz,Choisir la bonne hypothèse,avancé,Choisis la bonne forme.,"Si j’ai le temps, je ___ te téléphoner.","[""vais"", ""irais"", ""allais"", ""suis""]",vais,"Avec « si + présent », on peut utiliser le futur proche ou le futur dans la conséquence.","With si + present, use future/futur proche in result.",« irais » correspond plutôt à une hypothèse moins réelle.,"Si je peux, je vais venir.","[""si"", ""conditionnel"", ""hypothèse""]",4,2
b1plus-hypotheses-007,B1+,Phrases complexes,Hypothèses avec si,quiz,Choisir la bonne hypothèse,avancé,Choisis la bonne forme.,"Si j’avais plus de temps, je ___ plus souvent.","[""lirais"", ""lis"", ""lirai"", ""lisais""]",lirais,"Avec « si + imparfait », on utilise souvent le conditionnel.",Si + imparfait often takes conditional.,"« lirai » est futur simple, moins adapté ici.","Si j’étais libre, je voyagerais.","[""si"", ""conditionnel"", ""hypothèse""]",4,2
b1plus-hypotheses-008,B1+,Phrases complexes,Hypothèses avec si,quiz,Choisir la bonne hypothèse,avancé,Choisis la bonne forme.,"Si tu veux, on ___ demain.","[""peut se voir"", ""pouvait se voir"", ""se verrait"", ""se voir""]",peut se voir,"Avec « si tu veux », on peut proposer au présent: on peut se voir.",Si tu veux can pair with present proposal.,« se voir » seul n’est pas une phrase complète.,"Si tu veux, on peut partir.","[""si"", ""conditionnel"", ""hypothèse""]",4,2
b1plus-hypotheses-009,B1+,Phrases complexes,Hypothèses avec si,quiz,Choisir la bonne hypothèse,avancé,Choisis la bonne forme.,"Si elle était ici, elle ___ quoi faire.","[""saurait"", ""sait"", ""saura"", ""savait""]",saurait,"Hypothèse avec imparfait + conditionnel: si elle était, elle saurait.",Hypothesis: imparfait + conditional.,« sait » est présent.,"Si j’avais une voiture, je viendrais.","[""si"", ""conditionnel"", ""hypothèse""]",4,2
b1plus-hypotheses-010,B1+,Phrases complexes,Hypothèses avec si,quiz,Choisir la bonne hypothèse,avancé,Choisis la bonne forme.,"Si nous finissons tôt, nous ___ au parc.","[""irons"", ""irions"", ""allions"", ""sommes allés""]",irons,"Avec « si + présent », on peut utiliser le futur simple.",Si + present can take future simple.,« irions » irait avec si + imparfait.,"Si tu viens, je serai content.","[""si"", ""conditionnel"", ""hypothèse""]",4,2
b1plus-hypotheses-011,B1+,Phrases complexes,Hypothèses avec si,quiz,Choisir la bonne hypothèse,avancé,Choisis la bonne forme.,"Si j’ai le temps, je ___ te téléphoner.","[""vais"", ""irais"", ""allais"", ""suis""]",vais,"Avec « si + présent », on peut utiliser le futur proche ou le futur dans la conséquence.","With si + present, use future/futur proche in result.",« irais » correspond plutôt à une hypothèse moins réelle.,"Si je peux, je vais venir.","[""si"", ""conditionnel"", ""hypothèse""]",4,2
b1plus-hypotheses-012,B1+,Phrases complexes,Hypothèses avec si,quiz,Choisir la bonne hypothèse,avancé,Choisis la bonne forme.,"Si j’avais plus de temps, je ___ plus souvent.","[""lirais"", ""lis"", ""lirai"", ""lisais""]",lirais,"Avec « si + imparfait », on utilise souvent le conditionnel.",Si + imparfait often takes conditional.,"« lirai » est futur simple, moins adapté ici.","Si j’étais libre, je voyagerais.","[""si"", ""conditionnel"", ""hypothèse""]",4,2
b1plus-hypotheses-013,B1+,Phrases complexes,Hypothèses avec si,quiz,Choisir la bonne hypothèse,avancé,Choisis la bonne forme.,"Si tu veux, on ___ demain.","[""peut se voir"", ""pouvait se voir"", ""se verrait"", ""se voir""]",peut se voir,"Avec « si tu veux », on peut proposer au présent: on peut se voir.",Si tu veux can pair with present proposal.,« se voir » seul n’est pas une phrase complète.,"Si tu veux, on peut partir.","[""si"", ""conditionnel"", ""hypothèse""]",4,2
b1plus-hypotheses-014,B1+,Phrases complexes,Hypothèses avec si,quiz,Choisir la bonne hypothèse,avancé,Choisis la bonne forme.,"Si elle était ici, elle ___ quoi faire.","[""saurait"", ""sait"", ""saura"", ""savait""]",saurait,"Hypothèse avec imparfait + conditionnel: si elle était, elle saurait.",Hypothesis: imparfait + conditional.,« sait » est présent.,"Si j’avais une voiture, je viendrais.","[""si"", ""conditionnel"", ""hypothèse""]",4,2
b1plus-hypotheses-015,B1+,Phrases complexes,Hypothèses avec si,quiz,Choisir la bonne hypothèse,avancé,Choisis la bonne forme.,"Si nous finissons tôt, nous ___ au parc.","[""irons"", ""irions"", ""allions"", ""sommes allés""]",irons,"Avec « si + présent », on peut utiliser le futur simple.",Si + present can take future simple.,« irions » irait avec si + imparfait.,"Si tu viens, je serai content.","[""si"", ""conditionnel"", ""hypothèse""]",4,2
b1plus-hypotheses-016,B1+,Phrases complexes,Hypothèses avec si,quiz,Choisir la bonne hypothèse,avancé,Choisis la bonne forme.,"Si j’ai le temps, je ___ te téléphoner.","[""vais"", ""irais"", ""allais"", ""suis""]",vais,"Avec « si + présent », on peut utiliser le futur proche ou le futur dans la conséquence.","With si + present, use future/futur proche in result.",« irais » correspond plutôt à une hypothèse moins réelle.,"Si je peux, je vais venir.","[""si"", ""conditionnel"", ""hypothèse""]",4,2
b1plus-hypotheses-017,B1+,Phrases complexes,Hypothèses avec si,quiz,Choisir la bonne hypothèse,avancé,Choisis la bonne forme.,"Si j’avais plus de temps, je ___ plus souvent.","[""lirais"", ""lis"", ""lirai"", ""lisais""]",lirais,"Avec « si + imparfait », on utilise souvent le conditionnel.",Si + imparfait often takes conditional.,"« lirai » est futur simple, moins adapté ici.","Si j’étais libre, je voyagerais.","[""si"", ""conditionnel"", ""hypothèse""]",4,2
b1plus-hypotheses-018,B1+,Phrases complexes,Hypothèses avec si,quiz,Choisir la bonne hypothèse,avancé,Choisis la bonne forme.,"Si tu veux, on ___ demain.","[""peut se voir"", ""pouvait se voir"", ""se verrait"", ""se voir""]",peut se voir,"Avec « si tu veux », on peut proposer au présent: on peut se voir.",Si tu veux can pair with present proposal.,« se voir » seul n’est pas une phrase complète.,"Si tu veux, on peut partir.","[""si"", ""conditionnel"", ""hypothèse""]",4,2
b1plus-hypotheses-019,B1+,Phrases complexes,Hypothèses avec si,quiz,Choisir la bonne hypothèse,avancé,Choisis la bonne forme.,"Si elle était ici, elle ___ quoi faire.","[""saurait"", ""sait"", ""saura"", ""savait""]",saurait,"Hypothèse avec imparfait + conditionnel: si elle était, elle saurait.",Hypothesis: imparfait + conditional.,« sait » est présent.,"Si j’avais une voiture, je viendrais.","[""si"", ""conditionnel"", ""hypothèse""]",4,2
b1plus-hypotheses-020,B1+,Phrases complexes,Hypothèses avec si,quiz,Choisir la bonne hypothèse,avancé,Choisis la bonne forme.,"Si nous finissons tôt, nous ___ au parc.","[""irons"", ""irions"", ""allions"", ""sommes allés""]",irons,"Avec « si + présent », on peut utiliser le futur simple.",Si + present can take future simple.,« irions » irait avec si + imparfait.,"Si tu viens, je serai content.","[""si"", ""conditionnel"", ""hypothèse""]",4,2
b1plus-hypotheses-021,B1+,Phrases complexes,Hypothèses avec si,quiz,Choisir la bonne hypothèse,avancé,Choisis la bonne forme.,"Si j’ai le temps, je ___ te téléphoner.","[""vais"", ""irais"", ""allais"", ""suis""]",vais,"Avec « si + présent », on peut utiliser le futur proche ou le futur dans la conséquence.","With si + present, use future/futur proche in result.",« irais » correspond plutôt à une hypothèse moins réelle.,"Si je peux, je vais venir.","[""si"", ""conditionnel"", ""hypothèse""]",4,2
b1plus-hypotheses-022,B1+,Phrases complexes,Hypothèses avec si,quiz,Choisir la bonne hypothèse,avancé,Choisis la bonne forme.,"Si j’avais plus de temps, je ___ plus souvent.","[""lirais"", ""lis"", ""lirai"", ""lisais""]",lirais,"Avec « si + imparfait », on utilise souvent le conditionnel.",Si + imparfait often takes conditional.,"« lirai » est futur simple, moins adapté ici.","Si j’étais libre, je voyagerais.","[""si"", ""conditionnel"", ""hypothèse""]",4,2
b1plus-hypotheses-023,B1+,Phrases complexes,Hypothèses avec si,quiz,Choisir la bonne hypothèse,avancé,Choisis la bonne forme.,"Si tu veux, on ___ demain.","[""peut se voir"", ""pouvait se voir"", ""se verrait"", ""se voir""]",peut se voir,"Avec « si tu veux », on peut proposer au présent: on peut se voir.",Si tu veux can pair with present proposal.,« se voir » seul n’est pas une phrase complète.,"Si tu veux, on peut partir.","[""si"", ""conditionnel"", ""hypothèse""]",4,2
b1plus-hypotheses-024,B1+,Phrases complexes,Hypothèses avec si,quiz,Choisir la bonne hypothèse,avancé,Choisis la bonne forme.,"Si elle était ici, elle ___ quoi faire.","[""saurait"", ""sait"", ""saura"", ""savait""]",saurait,"Hypothèse avec imparfait + conditionnel: si elle était, elle saurait.",Hypothesis: imparfait + conditional.,« sait » est présent.,"Si j’avais une voiture, je viendrais.","[""si"", ""conditionnel"", ""hypothèse""]",4,2
b1plus-hypotheses-025,B1+,Phrases complexes,Hypothèses avec si,quiz,Choisir la bonne hypothèse,avancé,Choisis la bonne forme.,"Si nous finissons tôt, nous ___ au parc.","[""irons"", ""irions"", ""allions"", ""sommes allés""]",irons,"Avec « si + présent », on peut utiliser le futur simple.",Si + present can take future simple.,« irions » irait avec si + imparfait.,"Si tu viens, je serai content.","[""si"", ""conditionnel"", ""hypothèse""]",4,2
b2-connecteurs-001,B2,Nuance et argumentation,Connecteurs avancés,quiz,Choisir le connecteur,argumentation,Choisis le connecteur qui convient.,"___ le prix soit élevé, le service est excellent.","[""Bien que"", ""Parce que"", ""Donc"", ""Depuis que""]",Bien que,« Bien que » introduit une concession et demande souvent le subjonctif.,Bien que introduces concession and often takes subjunctive.,"« Parce que » donne une cause, pas une concession.","Bien que ce soit difficile, il continue.","[""connecteurs"", ""argumentation"", ""nuance""]",5,2
b2-connecteurs-002,B2,Nuance et argumentation,Connecteurs avancés,quiz,Choisir le connecteur,argumentation,Choisis le connecteur qui convient.,"Le service est lent. ___, la nourriture est excellente.","[""Cependant"", ""Donc"", ""Parce que"", ""Depuis""]",Cependant,« Cependant » introduit une opposition ou une nuance.,Cependant means however.,« Donc » indique une conséquence.,"Il pleut. Cependant, nous sortons.","[""connecteurs"", ""argumentation"", ""nuance""]",5,2
b2-connecteurs-003,B2,Nuance et argumentation,Connecteurs avancés,quiz,Choisir le connecteur,argumentation,Choisis le connecteur qui convient.,"Il a beaucoup pratiqué. ___, il parle mieux.","[""Par conséquent"", ""Pourtant"", ""Bien que"", ""Même si""]",Par conséquent,« Par conséquent » indique une conséquence logique.,Par conséquent means therefore.,« Pourtant » indique une opposition.,"Il a étudié; par conséquent, il a réussi.","[""connecteurs"", ""argumentation"", ""nuance""]",5,2
b2-connecteurs-004,B2,Nuance et argumentation,Connecteurs avancés,quiz,Choisir le connecteur,argumentation,Choisis le connecteur qui convient.,"___ son manque d’expérience, elle a bien réussi.","[""Malgré"", ""Parce que"", ""Afin de"", ""Puisque""]",Malgré,« Malgré » introduit une opposition avec un nom.,Malgré means despite.,« Parce que » introduit une cause.,"Malgré la pluie, nous sommes sortis.","[""connecteurs"", ""argumentation"", ""nuance""]",5,2
b2-connecteurs-005,B2,Nuance et argumentation,Connecteurs avancés,quiz,Choisir le connecteur,argumentation,Choisis le connecteur qui convient.,Il travaille beaucoup ___ améliorer son français.,"[""afin d’"", ""malgré"", ""cependant"", ""pourtant""]",afin d’,« Afin de/d’ » exprime un but.,Afin de expresses purpose.,« Malgré » indique une opposition.,Elle lit afin de progresser.,"[""connecteurs"", ""argumentation"", ""nuance""]",5,2
b2-connecteurs-006,B2,Nuance et argumentation,Connecteurs avancés,quiz,Choisir le connecteur,argumentation,Choisis le connecteur qui convient.,"___ le prix soit élevé, le service est excellent.","[""Bien que"", ""Parce que"", ""Donc"", ""Depuis que""]",Bien que,« Bien que » introduit une concession et demande souvent le subjonctif.,Bien que introduces concession and often takes subjunctive.,"« Parce que » donne une cause, pas une concession.","Bien que ce soit difficile, il continue.","[""connecteurs"", ""argumentation"", ""nuance""]",5,2
b2-connecteurs-007,B2,Nuance et argumentation,Connecteurs avancés,quiz,Choisir le connecteur,argumentation,Choisis le connecteur qui convient.,"Le service est lent. ___, la nourriture est excellente.","[""Cependant"", ""Donc"", ""Parce que"", ""Depuis""]",Cependant,« Cependant » introduit une opposition ou une nuance.,Cependant means however.,« Donc » indique une conséquence.,"Il pleut. Cependant, nous sortons.","[""connecteurs"", ""argumentation"", ""nuance""]",5,2
b2-connecteurs-008,B2,Nuance et argumentation,Connecteurs avancés,quiz,Choisir le connecteur,argumentation,Choisis le connecteur qui convient.,"Il a beaucoup pratiqué. ___, il parle mieux.","[""Par conséquent"", ""Pourtant"", ""Bien que"", ""Même si""]",Par conséquent,« Par conséquent » indique une conséquence logique.,Par conséquent means therefore.,« Pourtant » indique une opposition.,"Il a étudié; par conséquent, il a réussi.","[""connecteurs"", ""argumentation"", ""nuance""]",5,2
b2-connecteurs-009,B2,Nuance et argumentation,Connecteurs avancés,quiz,Choisir le connecteur,argumentation,Choisis le connecteur qui convient.,"___ son manque d’expérience, elle a bien réussi.","[""Malgré"", ""Parce que"", ""Afin de"", ""Puisque""]",Malgré,« Malgré » introduit une opposition avec un nom.,Malgré means despite.,« Parce que » introduit une cause.,"Malgré la pluie, nous sommes sortis.","[""connecteurs"", ""argumentation"", ""nuance""]",5,2
b2-connecteurs-010,B2,Nuance et argumentation,Connecteurs avancés,quiz,Choisir le connecteur,argumentation,Choisis le connecteur qui convient.,Il travaille beaucoup ___ améliorer son français.,"[""afin d’"", ""malgré"", ""cependant"", ""pourtant""]",afin d’,« Afin de/d’ » exprime un but.,Afin de expresses purpose.,« Malgré » indique une opposition.,Elle lit afin de progresser.,"[""connecteurs"", ""argumentation"", ""nuance""]",5,2
b2-connecteurs-011,B2,Nuance et argumentation,Connecteurs avancés,quiz,Choisir le connecteur,argumentation,Choisis le connecteur qui convient.,"___ le prix soit élevé, le service est excellent.","[""Bien que"", ""Parce que"", ""Donc"", ""Depuis que""]",Bien que,« Bien que » introduit une concession et demande souvent le subjonctif.,Bien que introduces concession and often takes subjunctive.,"« Parce que » donne une cause, pas une concession.","Bien que ce soit difficile, il continue.","[""connecteurs"", ""argumentation"", ""nuance""]",5,2
b2-connecteurs-012,B2,Nuance et argumentation,Connecteurs avancés,quiz,Choisir le connecteur,argumentation,Choisis le connecteur qui convient.,"Le service est lent. ___, la nourriture est excellente.","[""Cependant"", ""Donc"", ""Parce que"", ""Depuis""]",Cependant,« Cependant » introduit une opposition ou une nuance.,Cependant means however.,« Donc » indique une conséquence.,"Il pleut. Cependant, nous sortons.","[""connecteurs"", ""argumentation"", ""nuance""]",5,2
b2-connecteurs-013,B2,Nuance et argumentation,Connecteurs avancés,quiz,Choisir le connecteur,argumentation,Choisis le connecteur qui convient.,"Il a beaucoup pratiqué. ___, il parle mieux.","[""Par conséquent"", ""Pourtant"", ""Bien que"", ""Même si""]",Par conséquent,« Par conséquent » indique une conséquence logique.,Par conséquent means therefore.,« Pourtant » indique une opposition.,"Il a étudié; par conséquent, il a réussi.","[""connecteurs"", ""argumentation"", ""nuance""]",5,2
b2-connecteurs-014,B2,Nuance et argumentation,Connecteurs avancés,quiz,Choisir le connecteur,argumentation,Choisis le connecteur qui convient.,"___ son manque d’expérience, elle a bien réussi.","[""Malgré"", ""Parce que"", ""Afin de"", ""Puisque""]",Malgré,« Malgré » introduit une opposition avec un nom.,Malgré means despite.,« Parce que » introduit une cause.,"Malgré la pluie, nous sommes sortis.","[""connecteurs"", ""argumentation"", ""nuance""]",5,2
b2-connecteurs-015,B2,Nuance et argumentation,Connecteurs avancés,quiz,Choisir le connecteur,argumentation,Choisis le connecteur qui convient.,Il travaille beaucoup ___ améliorer son français.,"[""afin d’"", ""malgré"", ""cependant"", ""pourtant""]",afin d’,« Afin de/d’ » exprime un but.,Afin de expresses purpose.,« Malgré » indique une opposition.,Elle lit afin de progresser.,"[""connecteurs"", ""argumentation"", ""nuance""]",5,2
b2-connecteurs-016,B2,Nuance et argumentation,Connecteurs avancés,quiz,Choisir le connecteur,argumentation,Choisis le connecteur qui convient.,"___ le prix soit élevé, le service est excellent.","[""Bien que"", ""Parce que"", ""Donc"", ""Depuis que""]",Bien que,« Bien que » introduit une concession et demande souvent le subjonctif.,Bien que introduces concession and often takes subjunctive.,"« Parce que » donne une cause, pas une concession.","Bien que ce soit difficile, il continue.","[""connecteurs"", ""argumentation"", ""nuance""]",5,2
b2-connecteurs-017,B2,Nuance et argumentation,Connecteurs avancés,quiz,Choisir le connecteur,argumentation,Choisis le connecteur qui convient.,"Le service est lent. ___, la nourriture est excellente.","[""Cependant"", ""Donc"", ""Parce que"", ""Depuis""]",Cependant,« Cependant » introduit une opposition ou une nuance.,Cependant means however.,« Donc » indique une conséquence.,"Il pleut. Cependant, nous sortons.","[""connecteurs"", ""argumentation"", ""nuance""]",5,2
b2-connecteurs-018,B2,Nuance et argumentation,Connecteurs avancés,quiz,Choisir le connecteur,argumentation,Choisis le connecteur qui convient.,"Il a beaucoup pratiqué. ___, il parle mieux.","[""Par conséquent"", ""Pourtant"", ""Bien que"", ""Même si""]",Par conséquent,« Par conséquent » indique une conséquence logique.,Par conséquent means therefore.,« Pourtant » indique une opposition.,"Il a étudié; par conséquent, il a réussi.","[""connecteurs"", ""argumentation"", ""nuance""]",5,2
b2-connecteurs-019,B2,Nuance et argumentation,Connecteurs avancés,quiz,Choisir le connecteur,argumentation,Choisis le connecteur qui convient.,"___ son manque d’expérience, elle a bien réussi.","[""Malgré"", ""Parce que"", ""Afin de"", ""Puisque""]",Malgré,« Malgré » introduit une opposition avec un nom.,Malgré means despite.,« Parce que » introduit une cause.,"Malgré la pluie, nous sommes sortis.","[""connecteurs"", ""argumentation"", ""nuance""]",5,2
b2-connecteurs-020,B2,Nuance et argumentation,Connecteurs avancés,quiz,Choisir le connecteur,argumentation,Choisis le connecteur qui convient.,Il travaille beaucoup ___ améliorer son français.,"[""afin d’"", ""malgré"", ""cependant"", ""pourtant""]",afin d’,« Afin de/d’ » exprime un but.,Afin de expresses purpose.,« Malgré » indique une opposition.,Elle lit afin de progresser.,"[""connecteurs"", ""argumentation"", ""nuance""]",5,2
b2-connecteurs-021,B2,Nuance et argumentation,Connecteurs avancés,quiz,Choisir le connecteur,argumentation,Choisis le connecteur qui convient.,"___ le prix soit élevé, le service est excellent.","[""Bien que"", ""Parce que"", ""Donc"", ""Depuis que""]",Bien que,« Bien que » introduit une concession et demande souvent le subjonctif.,Bien que introduces concession and often takes subjunctive.,"« Parce que » donne une cause, pas une concession.","Bien que ce soit difficile, il continue.","[""connecteurs"", ""argumentation"", ""nuance""]",5,2
b2-connecteurs-022,B2,Nuance et argumentation,Connecteurs avancés,quiz,Choisir le connecteur,argumentation,Choisis le connecteur qui convient.,"Le service est lent. ___, la nourriture est excellente.","[""Cependant"", ""Donc"", ""Parce que"", ""Depuis""]",Cependant,« Cependant » introduit une opposition ou une nuance.,Cependant means however.,« Donc » indique une conséquence.,"Il pleut. Cependant, nous sortons.","[""connecteurs"", ""argumentation"", ""nuance""]",5,2
b2-connecteurs-023,B2,Nuance et argumentation,Connecteurs avancés,quiz,Choisir le connecteur,argumentation,Choisis le connecteur qui convient.,"Il a beaucoup pratiqué. ___, il parle mieux.","[""Par conséquent"", ""Pourtant"", ""Bien que"", ""Même si""]",Par conséquent,« Par conséquent » indique une conséquence logique.,Par conséquent means therefore.,« Pourtant » indique une opposition.,"Il a étudié; par conséquent, il a réussi.","[""connecteurs"", ""argumentation"", ""nuance""]",5,2
b2-connecteurs-024,B2,Nuance et argumentation,Connecteurs avancés,quiz,Choisir le connecteur,argumentation,Choisis le connecteur qui convient.,"___ son manque d’expérience, elle a bien réussi.","[""Malgré"", ""Parce que"", ""Afin de"", ""Puisque""]",Malgré,« Malgré » introduit une opposition avec un nom.,Malgré means despite.,« Parce que » introduit une cause.,"Malgré la pluie, nous sommes sortis.","[""connecteurs"", ""argumentation"", ""nuance""]",5,2
b2-connecteurs-025,B2,Nuance et argumentation,Connecteurs avancés,quiz,Choisir le connecteur,argumentation,Choisis le connecteur qui convient.,Il travaille beaucoup ___ améliorer son français.,"[""afin d’"", ""malgré"", ""cependant"", ""pourtant""]",afin d’,« Afin de/d’ » exprime un but.,Afin de expresses purpose.,« Malgré » indique une opposition.,Elle lit afin de progresser.,"[""connecteurs"", ""argumentation"", ""nuance""]",5,2
b2-registre-001,B2,Nuance et argumentation,Registre et formulation,quiz,Choisir le bon registre,écrit,Choisis la phrase qui convient le mieux.,Choisis la version la plus formelle: « Je veux savoir le prix. »,"[""Je souhaiterais connaître le prix."", ""Je veux le prix."", ""C’est combien?"", ""Dis-moi le prix.""]",Je souhaiterais connaître le prix.,Cette phrase est plus polie et plus formelle.,This is the most formal version.,Les autres phrases sont plus directes ou familières.,Je souhaiterais obtenir plus d’information.,"[""registre"", ""formel"", ""standard"", ""professionnel""]",5,2
b2-registre-002,B2,Nuance et argumentation,Registre et formulation,quiz,Choisir le bon registre,écrit,Choisis la phrase qui convient le mieux.,Choisis la version standard: « J’sais pas. »,"[""Je ne sais pas."", ""Ché pas."", ""Je sais-tu pas."", ""Moi pas savoir.""]",Je ne sais pas.,La forme standard écrite est « Je ne sais pas ».,The standard written form is Je ne sais pas.,« J’sais pas » est oral/familier.,Je ne comprends pas.,"[""registre"", ""formel"", ""standard"", ""professionnel""]",5,2
b2-registre-003,B2,Nuance et argumentation,Registre et formulation,quiz,Choisir le bon registre,écrit,Choisis la phrase qui convient le mieux.,Choisis la version professionnelle: « Je peux pas venir. »,"[""Je ne pourrai pas être présent."", ""Je peux pas venir."", ""Pas capable."", ""J’viens pas.""]",Je ne pourrai pas être présent.,Cette version convient mieux dans un contexte professionnel.,This is appropriate in a professional context.,Les autres versions sont trop familières.,Je ne pourrai pas participer.,"[""registre"", ""formel"", ""standard"", ""professionnel""]",5,2
b2-registre-004,B2,Nuance et argumentation,Registre et formulation,quiz,Choisir le bon registre,écrit,Choisis la phrase qui convient le mieux.,Choisis la phrase la plus neutre.,"[""Je ne suis pas d’accord."", ""C’est n’importe quoi."", ""Ça n’a aucun bon sens."", ""Ben voyons donc.""]",Je ne suis pas d’accord.,"La phrase est claire, neutre et respectueuse.",This is clear and neutral.,Les autres phrases sont plus fortes ou familières.,"Je comprends votre point, mais je ne suis pas d’accord.","[""registre"", ""formel"", ""standard"", ""professionnel""]",5,2
b2-registre-005,B2,Nuance et argumentation,Registre et formulation,quiz,Choisir le bon registre,écrit,Choisis la phrase qui convient le mieux.,Choisis la phrase la plus claire pour un courriel.,"[""Je vous écris au sujet de mon rendez-vous."", ""Je texte pour mon affaire."", ""C’est pour le truc."", ""Mon rendez-vous là.""]",Je vous écris au sujet de mon rendez-vous.,Cette phrase annonce clairement le sujet du courriel.,This clearly states the email topic.,Les autres phrases manquent de précision.,Je vous écris au sujet de ma demande.,"[""registre"", ""formel"", ""standard"", ""professionnel""]",5,2
b2-registre-006,B2,Nuance et argumentation,Registre et formulation,quiz,Choisir le bon registre,écrit,Choisis la phrase qui convient le mieux.,Choisis la version la plus formelle: « Je veux savoir le prix. »,"[""Je souhaiterais connaître le prix."", ""Je veux le prix."", ""C’est combien?"", ""Dis-moi le prix.""]",Je souhaiterais connaître le prix.,Cette phrase est plus polie et plus formelle.,This is the most formal version.,Les autres phrases sont plus directes ou familières.,Je souhaiterais obtenir plus d’information.,"[""registre"", ""formel"", ""standard"", ""professionnel""]",5,2
b2-registre-007,B2,Nuance et argumentation,Registre et formulation,quiz,Choisir le bon registre,écrit,Choisis la phrase qui convient le mieux.,Choisis la version standard: « J’sais pas. »,"[""Je ne sais pas."", ""Ché pas."", ""Je sais-tu pas."", ""Moi pas savoir.""]",Je ne sais pas.,La forme standard écrite est « Je ne sais pas ».,The standard written form is Je ne sais pas.,« J’sais pas » est oral/familier.,Je ne comprends pas.,"[""registre"", ""formel"", ""standard"", ""professionnel""]",5,2
b2-registre-008,B2,Nuance et argumentation,Registre et formulation,quiz,Choisir le bon registre,écrit,Choisis la phrase qui convient le mieux.,Choisis la version professionnelle: « Je peux pas venir. »,"[""Je ne pourrai pas être présent."", ""Je peux pas venir."", ""Pas capable."", ""J’viens pas.""]",Je ne pourrai pas être présent.,Cette version convient mieux dans un contexte professionnel.,This is appropriate in a professional context.,Les autres versions sont trop familières.,Je ne pourrai pas participer.,"[""registre"", ""formel"", ""standard"", ""professionnel""]",5,2
b2-registre-009,B2,Nuance et argumentation,Registre et formulation,quiz,Choisir le bon registre,écrit,Choisis la phrase qui convient le mieux.,Choisis la phrase la plus neutre.,"[""Je ne suis pas d’accord."", ""C’est n’importe quoi."", ""Ça n’a aucun bon sens."", ""Ben voyons donc.""]",Je ne suis pas d’accord.,"La phrase est claire, neutre et respectueuse.",This is clear and neutral.,Les autres phrases sont plus fortes ou familières.,"Je comprends votre point, mais je ne suis pas d’accord.","[""registre"", ""formel"", ""standard"", ""professionnel""]",5,2
b2-registre-010,B2,Nuance et argumentation,Registre et formulation,quiz,Choisir le bon registre,écrit,Choisis la phrase qui convient le mieux.,Choisis la phrase la plus claire pour un courriel.,"[""Je vous écris au sujet de mon rendez-vous."", ""Je texte pour mon affaire."", ""C’est pour le truc."", ""Mon rendez-vous là.""]",Je vous écris au sujet de mon rendez-vous.,Cette phrase annonce clairement le sujet du courriel.,This clearly states the email topic.,Les autres phrases manquent de précision.,Je vous écris au sujet de ma demande.,"[""registre"", ""formel"", ""standard"", ""professionnel""]",5,2
b2-registre-011,B2,Nuance et argumentation,Registre et formulation,quiz,Choisir le bon registre,écrit,Choisis la phrase qui convient le mieux.,Choisis la version la plus formelle: « Je veux savoir le prix. »,"[""Je souhaiterais connaître le prix."", ""Je veux le prix."", ""C’est combien?"", ""Dis-moi le prix.""]",Je souhaiterais connaître le prix.,Cette phrase est plus polie et plus formelle.,This is the most formal version.,Les autres phrases sont plus directes ou familières.,Je souhaiterais obtenir plus d’information.,"[""registre"", ""formel"", ""standard"", ""professionnel""]",5,2
b2-registre-012,B2,Nuance et argumentation,Registre et formulation,quiz,Choisir le bon registre,écrit,Choisis la phrase qui convient le mieux.,Choisis la version standard: « J’sais pas. »,"[""Je ne sais pas."", ""Ché pas."", ""Je sais-tu pas."", ""Moi pas savoir.""]",Je ne sais pas.,La forme standard écrite est « Je ne sais pas ».,The standard written form is Je ne sais pas.,« J’sais pas » est oral/familier.,Je ne comprends pas.,"[""registre"", ""formel"", ""standard"", ""professionnel""]",5,2
b2-registre-013,B2,Nuance et argumentation,Registre et formulation,quiz,Choisir le bon registre,écrit,Choisis la phrase qui convient le mieux.,Choisis la version professionnelle: « Je peux pas venir. »,"[""Je ne pourrai pas être présent."", ""Je peux pas venir."", ""Pas capable."", ""J’viens pas.""]",Je ne pourrai pas être présent.,Cette version convient mieux dans un contexte professionnel.,This is appropriate in a professional context.,Les autres versions sont trop familières.,Je ne pourrai pas participer.,"[""registre"", ""formel"", ""standard"", ""professionnel""]",5,2
b2-registre-014,B2,Nuance et argumentation,Registre et formulation,quiz,Choisir le bon registre,écrit,Choisis la phrase qui convient le mieux.,Choisis la phrase la plus neutre.,"[""Je ne suis pas d’accord."", ""C’est n’importe quoi."", ""Ça n’a aucun bon sens."", ""Ben voyons donc.""]",Je ne suis pas d’accord.,"La phrase est claire, neutre et respectueuse.",This is clear and neutral.,Les autres phrases sont plus fortes ou familières.,"Je comprends votre point, mais je ne suis pas d’accord.","[""registre"", ""formel"", ""standard"", ""professionnel""]",5,2
b2-registre-015,B2,Nuance et argumentation,Registre et formulation,quiz,Choisir le bon registre,écrit,Choisis la phrase qui convient le mieux.,Choisis la phrase la plus claire pour un courriel.,"[""Je vous écris au sujet de mon rendez-vous."", ""Je texte pour mon affaire."", ""C’est pour le truc."", ""Mon rendez-vous là.""]",Je vous écris au sujet de mon rendez-vous.,Cette phrase annonce clairement le sujet du courriel.,This clearly states the email topic.,Les autres phrases manquent de précision.,Je vous écris au sujet de ma demande.,"[""registre"", ""formel"", ""standard"", ""professionnel""]",5,2
b2-registre-016,B2,Nuance et argumentation,Registre et formulation,quiz,Choisir le bon registre,écrit,Choisis la phrase qui convient le mieux.,Choisis la version la plus formelle: « Je veux savoir le prix. »,"[""Je souhaiterais connaître le prix."", ""Je veux le prix."", ""C’est combien?"", ""Dis-moi le prix.""]",Je souhaiterais connaître le prix.,Cette phrase est plus polie et plus formelle.,This is the most formal version.,Les autres phrases sont plus directes ou familières.,Je souhaiterais obtenir plus d’information.,"[""registre"", ""formel"", ""standard"", ""professionnel""]",5,2
b2-registre-017,B2,Nuance et argumentation,Registre et formulation,quiz,Choisir le bon registre,écrit,Choisis la phrase qui convient le mieux.,Choisis la version standard: « J’sais pas. »,"[""Je ne sais pas."", ""Ché pas."", ""Je sais-tu pas."", ""Moi pas savoir.""]",Je ne sais pas.,La forme standard écrite est « Je ne sais pas ».,The standard written form is Je ne sais pas.,« J’sais pas » est oral/familier.,Je ne comprends pas.,"[""registre"", ""formel"", ""standard"", ""professionnel""]",5,2
b2-registre-018,B2,Nuance et argumentation,Registre et formulation,quiz,Choisir le bon registre,écrit,Choisis la phrase qui convient le mieux.,Choisis la version professionnelle: « Je peux pas venir. »,"[""Je ne pourrai pas être présent."", ""Je peux pas venir."", ""Pas capable."", ""J’viens pas.""]",Je ne pourrai pas être présent.,Cette version convient mieux dans un contexte professionnel.,This is appropriate in a professional context.,Les autres versions sont trop familières.,Je ne pourrai pas participer.,"[""registre"", ""formel"", ""standard"", ""professionnel""]",5,2
b2-registre-019,B2,Nuance et argumentation,Registre et formulation,quiz,Choisir le bon registre,écrit,Choisis la phrase qui convient le mieux.,Choisis la phrase la plus neutre.,"[""Je ne suis pas d’accord."", ""C’est n’importe quoi."", ""Ça n’a aucun bon sens."", ""Ben voyons donc.""]",Je ne suis pas d’accord.,"La phrase est claire, neutre et respectueuse.",This is clear and neutral.,Les autres phrases sont plus fortes ou familières.,"Je comprends votre point, mais je ne suis pas d’accord.","[""registre"", ""formel"", ""standard"", ""professionnel""]",5,2
b2-registre-020,B2,Nuance et argumentation,Registre et formulation,quiz,Choisir le bon registre,écrit,Choisis la phrase qui convient le mieux.,Choisis la phrase la plus claire pour un courriel.,"[""Je vous écris au sujet de mon rendez-vous."", ""Je texte pour mon affaire."", ""C’est pour le truc."", ""Mon rendez-vous là.""]",Je vous écris au sujet de mon rendez-vous.,Cette phrase annonce clairement le sujet du courriel.,This clearly states the email topic.,Les autres phrases manquent de précision.,Je vous écris au sujet de ma demande.,"[""registre"", ""formel"", ""standard"", ""professionnel""]",5,2
b2-registre-021,B2,Nuance et argumentation,Registre et formulation,quiz,Choisir le bon registre,écrit,Choisis la phrase qui convient le mieux.,Choisis la version la plus formelle: « Je veux savoir le prix. »,"[""Je souhaiterais connaître le prix."", ""Je veux le prix."", ""C’est combien?"", ""Dis-moi le prix.""]",Je souhaiterais connaître le prix.,Cette phrase est plus polie et plus formelle.,This is the most formal version.,Les autres phrases sont plus directes ou familières.,Je souhaiterais obtenir plus d’information.,"[""registre"", ""formel"", ""standard"", ""professionnel""]",5,2
b2-registre-022,B2,Nuance et argumentation,Registre et formulation,quiz,Choisir le bon registre,écrit,Choisis la phrase qui convient le mieux.,Choisis la version standard: « J’sais pas. »,"[""Je ne sais pas."", ""Ché pas."", ""Je sais-tu pas."", ""Moi pas savoir.""]",Je ne sais pas.,La forme standard écrite est « Je ne sais pas ».,The standard written form is Je ne sais pas.,« J’sais pas » est oral/familier.,Je ne comprends pas.,"[""registre"", ""formel"", ""standard"", ""professionnel""]",5,2
b2-registre-023,B2,Nuance et argumentation,Registre et formulation,quiz,Choisir le bon registre,écrit,Choisis la phrase qui convient le mieux.,Choisis la version professionnelle: « Je peux pas venir. »,"[""Je ne pourrai pas être présent."", ""Je peux pas venir."", ""Pas capable."", ""J’viens pas.""]",Je ne pourrai pas être présent.,Cette version convient mieux dans un contexte professionnel.,This is appropriate in a professional context.,Les autres versions sont trop familières.,Je ne pourrai pas participer.,"[""registre"", ""formel"", ""standard"", ""professionnel""]",5,2
b2-registre-024,B2,Nuance et argumentation,Registre et formulation,quiz,Choisir le bon registre,écrit,Choisis la phrase qui convient le mieux.,Choisis la phrase la plus neutre.,"[""Je ne suis pas d’accord."", ""C’est n’importe quoi."", ""Ça n’a aucun bon sens."", ""Ben voyons donc.""]",Je ne suis pas d’accord.,"La phrase est claire, neutre et respectueuse.",This is clear and neutral.,Les autres phrases sont plus fortes ou familières.,"Je comprends votre point, mais je ne suis pas d’accord.","[""registre"", ""formel"", ""standard"", ""professionnel""]",5,2
b2-registre-025,B2,Nuance et argumentation,Registre et formulation,quiz,Choisir le bon registre,écrit,Choisis la phrase qui convient le mieux.,Choisis la phrase la plus claire pour un courriel.,"[""Je vous écris au sujet de mon rendez-vous."", ""Je texte pour mon affaire."", ""C’est pour le truc."", ""Mon rendez-vous là.""]",Je vous écris au sujet de mon rendez-vous.,Cette phrase annonce clairement le sujet du courriel.,This clearly states the email topic.,Les autres phrases manquent de précision.,Je vous écris au sujet de ma demande.,"[""registre"", ""formel"", ""standard"", ""professionnel""]",5,2
b2-production-001,B2,Écriture solide,Argumenter et nuancer,production_ecrite,Écrire avec nuance,écriture,Écris un court paragraphe pour donner ton opinion sur le télétravail. Utilise au moins deux connecteurs.,,[],"À mon avis, le télétravail peut améliorer la concentration, surtout lorsque les tâches demandent du calme. Cependant, il peut aussi réduire les échanges spontanés avec les collègues. Par conséquent, une formule hybride me semble souvent plus équilibrée.","Le paragraphe doit présenter une opinion, une nuance et au moins deux connecteurs.",The answer should express nuance and use clear formal French.,,"À mon avis, le télétravail peut améliorer la concentration, surtout lorsque les tâches demandent du calme. Cependant, il peut aussi réduire les échanges spontanés avec les collègues. Par conséquent, une formule hybride me semble souvent plus équilibrée.","[""B2"", ""écriture"", ""argumentation"", ""nuance""]",5,5
b2-production-002,B2,Écriture solide,Argumenter et nuancer,production_ecrite,Écrire avec nuance,écriture,Écris un courriel formel pour demander de déplacer un rendez-vous.,,[],"Bonjour, je vous écris afin de demander s’il serait possible de déplacer mon rendez-vous prévu cette semaine. Je suis disponible jeudi ou vendredi après-midi. Merci beaucoup pour votre compréhension.","Le message doit être poli, clair, et proposer une solution.",The answer should express nuance and use clear formal French.,,"Bonjour, je vous écris afin de demander s’il serait possible de déplacer mon rendez-vous prévu cette semaine. Je suis disponible jeudi ou vendredi après-midi. Merci beaucoup pour votre compréhension.","[""B2"", ""écriture"", ""argumentation"", ""nuance""]",5,5
b2-production-003,B2,Écriture solide,Argumenter et nuancer,production_ecrite,Écrire avec nuance,écriture,Résume ce problème en deux phrases: tu as reçu une mauvaise facture et tu veux une correction.,,[],"J’ai reçu une facture qui ne correspond pas au service demandé. Pourriez-vous vérifier le dossier et m’envoyer une version corrigée, s’il vous plaît?",La réponse doit expliquer le problème et demander une action.,The answer should express nuance and use clear formal French.,,"J’ai reçu une facture qui ne correspond pas au service demandé. Pourriez-vous vérifier le dossier et m’envoyer une version corrigée, s’il vous plaît?","[""B2"", ""écriture"", ""argumentation"", ""nuance""]",5,5
b2-production-004,B2,Écriture solide,Argumenter et nuancer,production_ecrite,Écrire avec nuance,écriture,Écris une phrase avec « bien que ».,,[],"Bien que le français soit difficile, je continue à pratiquer chaque semaine.","Après « bien que », on utilise souvent le subjonctif.",The answer should express nuance and use clear formal French.,,"Bien que le français soit difficile, je continue à pratiquer chaque semaine.","[""B2"", ""écriture"", ""argumentation"", ""nuance""]",5,5
b2-production-005,B2,Écriture solide,Argumenter et nuancer,production_ecrite,Écrire avec nuance,écriture,Écris une phrase qui compare deux options de façon nuancée.,,[],"La première option est moins chère, mais la deuxième semble plus fiable à long terme.",La phrase doit comparer deux options et montrer une nuance.,The answer should express nuance and use clear formal French.,,"La première option est moins chère, mais la deuxième semble plus fiable à long terme.","[""B2"", ""écriture"", ""argumentation"", ""nuance""]",5,5
b2-production-006,B2,Écriture solide,Argumenter et nuancer,production_ecrite,Écrire avec nuance,écriture,Écris un court paragraphe pour donner ton opinion sur le télétravail. Utilise au moins deux connecteurs.,,[],"À mon avis, le télétravail peut améliorer la concentration, surtout lorsque les tâches demandent du calme. Cependant, il peut aussi réduire les échanges spontanés avec les collègues. Par conséquent, une formule hybride me semble souvent plus équilibrée.","Le paragraphe doit présenter une opinion, une nuance et au moins deux connecteurs.",The answer should express nuance and use clear formal French.,,"À mon avis, le télétravail peut améliorer la concentration, surtout lorsque les tâches demandent du calme. Cependant, il peut aussi réduire les échanges spontanés avec les collègues. Par conséquent, une formule hybride me semble souvent plus équilibrée.","[""B2"", ""écriture"", ""argumentation"", ""nuance""]",5,5
b2-production-007,B2,Écriture solide,Argumenter et nuancer,production_ecrite,Écrire avec nuance,écriture,Écris un courriel formel pour demander de déplacer un rendez-vous.,,[],"Bonjour, je vous écris afin de demander s’il serait possible de déplacer mon rendez-vous prévu cette semaine. Je suis disponible jeudi ou vendredi après-midi. Merci beaucoup pour votre compréhension.","Le message doit être poli, clair, et proposer une solution.",The answer should express nuance and use clear formal French.,,"Bonjour, je vous écris afin de demander s’il serait possible de déplacer mon rendez-vous prévu cette semaine. Je suis disponible jeudi ou vendredi après-midi. Merci beaucoup pour votre compréhension.","[""B2"", ""écriture"", ""argumentation"", ""nuance""]",5,5
b2-production-008,B2,Écriture solide,Argumenter et nuancer,production_ecrite,Écrire avec nuance,écriture,Résume ce problème en deux phrases: tu as reçu une mauvaise facture et tu veux une correction.,,[],"J’ai reçu une facture qui ne correspond pas au service demandé. Pourriez-vous vérifier le dossier et m’envoyer une version corrigée, s’il vous plaît?",La réponse doit expliquer le problème et demander une action.,The answer should express nuance and use clear formal French.,,"J’ai reçu une facture qui ne correspond pas au service demandé. Pourriez-vous vérifier le dossier et m’envoyer une version corrigée, s’il vous plaît?","[""B2"", ""écriture"", ""argumentation"", ""nuance""]",5,5
b2-production-009,B2,Écriture solide,Argumenter et nuancer,production_ecrite,Écrire avec nuance,écriture,Écris une phrase avec « bien que ».,,[],"Bien que le français soit difficile, je continue à pratiquer chaque semaine.","Après « bien que », on utilise souvent le subjonctif.",The answer should express nuance and use clear formal French.,,"Bien que le français soit difficile, je continue à pratiquer chaque semaine.","[""B2"", ""écriture"", ""argumentation"", ""nuance""]",5,5
b2-production-010,B2,Écriture solide,Argumenter et nuancer,production_ecrite,Écrire avec nuance,écriture,Écris une phrase qui compare deux options de façon nuancée.,,[],"La première option est moins chère, mais la deuxième semble plus fiable à long terme.",La phrase doit comparer deux options et montrer une nuance.,The answer should express nuance and use clear formal French.,,"La première option est moins chère, mais la deuxième semble plus fiable à long terme.","[""B2"", ""écriture"", ""argumentation"", ""nuance""]",5,5
b2-production-011,B2,Écriture solide,Argumenter et nuancer,production_ecrite,Écrire avec nuance,écriture,Écris un court paragraphe pour donner ton opinion sur le télétravail. Utilise au moins deux connecteurs.,,[],"À mon avis, le télétravail peut améliorer la concentration, surtout lorsque les tâches demandent du calme. Cependant, il peut aussi réduire les échanges spontanés avec les collègues. Par conséquent, une formule hybride me semble souvent plus équilibrée.","Le paragraphe doit présenter une opinion, une nuance et au moins deux connecteurs.",The answer should express nuance and use clear formal French.,,"À mon avis, le télétravail peut améliorer la concentration, surtout lorsque les tâches demandent du calme. Cependant, il peut aussi réduire les échanges spontanés avec les collègues. Par conséquent, une formule hybride me semble souvent plus équilibrée.","[""B2"", ""écriture"", ""argumentation"", ""nuance""]",5,5
b2-production-012,B2,Écriture solide,Argumenter et nuancer,production_ecrite,Écrire avec nuance,écriture,Écris un courriel formel pour demander de déplacer un rendez-vous.,,[],"Bonjour, je vous écris afin de demander s’il serait possible de déplacer mon rendez-vous prévu cette semaine. Je suis disponible jeudi ou vendredi après-midi. Merci beaucoup pour votre compréhension.","Le message doit être poli, clair, et proposer une solution.",The answer should express nuance and use clear formal French.,,"Bonjour, je vous écris afin de demander s’il serait possible de déplacer mon rendez-vous prévu cette semaine. Je suis disponible jeudi ou vendredi après-midi. Merci beaucoup pour votre compréhension.","[""B2"", ""écriture"", ""argumentation"", ""nuance""]",5,5
b2-production-013,B2,Écriture solide,Argumenter et nuancer,production_ecrite,Écrire avec nuance,écriture,Résume ce problème en deux phrases: tu as reçu une mauvaise facture et tu veux une correction.,,[],"J’ai reçu une facture qui ne correspond pas au service demandé. Pourriez-vous vérifier le dossier et m’envoyer une version corrigée, s’il vous plaît?",La réponse doit expliquer le problème et demander une action.,The answer should express nuance and use clear formal French.,,"J’ai reçu une facture qui ne correspond pas au service demandé. Pourriez-vous vérifier le dossier et m’envoyer une version corrigée, s’il vous plaît?","[""B2"", ""écriture"", ""argumentation"", ""nuance""]",5,5
b2-production-014,B2,Écriture solide,Argumenter et nuancer,production_ecrite,Écrire avec nuance,écriture,Écris une phrase avec « bien que ».,,[],"Bien que le français soit difficile, je continue à pratiquer chaque semaine.","Après « bien que », on utilise souvent le subjonctif.",The answer should express nuance and use clear formal French.,,"Bien que le français soit difficile, je continue à pratiquer chaque semaine.","[""B2"", ""écriture"", ""argumentation"", ""nuance""]",5,5
b2-production-015,B2,Écriture solide,Argumenter et nuancer,production_ecrite,Écrire avec nuance,écriture,Écris une phrase qui compare deux options de façon nuancée.,,[],"La première option est moins chère, mais la deuxième semble plus fiable à long terme.",La phrase doit comparer deux options et montrer une nuance.,The answer should express nuance and use clear formal French.,,"La première option est moins chère, mais la deuxième semble plus fiable à long terme.","[""B2"", ""écriture"", ""argumentation"", ""nuance""]",5,5
b2-production-016,B2,Écriture solide,Argumenter et nuancer,production_ecrite,Écrire avec nuance,écriture,Écris un court paragraphe pour donner ton opinion sur le télétravail. Utilise au moins deux connecteurs.,,[],"À mon avis, le télétravail peut améliorer la concentration, surtout lorsque les tâches demandent du calme. Cependant, il peut aussi réduire les échanges spontanés avec les collègues. Par conséquent, une formule hybride me semble souvent plus équilibrée.","Le paragraphe doit présenter une opinion, une nuance et au moins deux connecteurs.",The answer should express nuance and use clear formal French.,,"À mon avis, le télétravail peut améliorer la concentration, surtout lorsque les tâches demandent du calme. Cependant, il peut aussi réduire les échanges spontanés avec les collègues. Par conséquent, une formule hybride me semble souvent plus équilibrée.","[""B2"", ""écriture"", ""argumentation"", ""nuance""]",5,5
b2-production-017,B2,Écriture solide,Argumenter et nuancer,production_ecrite,Écrire avec nuance,écriture,Écris un courriel formel pour demander de déplacer un rendez-vous.,,[],"Bonjour, je vous écris afin de demander s’il serait possible de déplacer mon rendez-vous prévu cette semaine. Je suis disponible jeudi ou vendredi après-midi. Merci beaucoup pour votre compréhension.","Le message doit être poli, clair, et proposer une solution.",The answer should express nuance and use clear formal French.,,"Bonjour, je vous écris afin de demander s’il serait possible de déplacer mon rendez-vous prévu cette semaine. Je suis disponible jeudi ou vendredi après-midi. Merci beaucoup pour votre compréhension.","[""B2"", ""écriture"", ""argumentation"", ""nuance""]",5,5
b2-production-018,B2,Écriture solide,Argumenter et nuancer,production_ecrite,Écrire avec nuance,écriture,Résume ce problème en deux phrases: tu as reçu une mauvaise facture et tu veux une correction.,,[],"J’ai reçu une facture qui ne correspond pas au service demandé. Pourriez-vous vérifier le dossier et m’envoyer une version corrigée, s’il vous plaît?",La réponse doit expliquer le problème et demander une action.,The answer should express nuance and use clear formal French.,,"J’ai reçu une facture qui ne correspond pas au service demandé. Pourriez-vous vérifier le dossier et m’envoyer une version corrigée, s’il vous plaît?","[""B2"", ""écriture"", ""argumentation"", ""nuance""]",5,5
b2-production-019,B2,Écriture solide,Argumenter et nuancer,production_ecrite,Écrire avec nuance,écriture,Écris une phrase avec « bien que ».,,[],"Bien que le français soit difficile, je continue à pratiquer chaque semaine.","Après « bien que », on utilise souvent le subjonctif.",The answer should express nuance and use clear formal French.,,"Bien que le français soit difficile, je continue à pratiquer chaque semaine.","[""B2"", ""écriture"", ""argumentation"", ""nuance""]",5,5
b2-production-020,B2,Écriture solide,Argumenter et nuancer,production_ecrite,Écrire avec nuance,écriture,Écris une phrase qui compare deux options de façon nuancée.,,[],"La première option est moins chère, mais la deuxième semble plus fiable à long terme.",La phrase doit comparer deux options et montrer une nuance.,The answer should express nuance and use clear formal French.,,"La première option est moins chère, mais la deuxième semble plus fiable à long terme.","[""B2"", ""écriture"", ""argumentation"", ""nuance""]",5,5
dictee-visuelle-001,A2,Dictées,Dictées progressives,dictee_visuelle,Dictée visuelle,dictée,Copie la phrase correctement. Attention aux accents et aux articles.,Je vais à la pharmacie après le cours.,[],Je vais à la pharmacie après le cours.,"La phrase doit être recopiée avec les bons mots, les accents et la ponctuation.","Rewrite the sentence with correct words, accents and punctuation.",,Je vais à la pharmacie après le cours.,"[""dictée"", ""orthographe"", ""ponctuation""]",1,2
dictee-visuelle-002,A2,Dictées,Dictées progressives,dictee_visuelle,Dictée visuelle,dictée,Copie la phrase correctement. Attention au trait d’union.,Nous avons un rendez-vous demain matin.,[],Nous avons un rendez-vous demain matin.,"La phrase doit être recopiée avec les bons mots, les accents et la ponctuation.","Rewrite the sentence with correct words, accents and punctuation.",,Nous avons un rendez-vous demain matin.,"[""dictée"", ""orthographe"", ""ponctuation""]",1,2
dictee-visuelle-003,A2+,Dictées,Dictées progressives,dictee_visuelle,Dictée visuelle,dictée,Copie la phrase correctement. Attention au passé composé.,"Hier, elle est allée au marché avec sa sœur.",[],"Hier, elle est allée au marché avec sa sœur.","La phrase doit être recopiée avec les bons mots, les accents et la ponctuation.","Rewrite the sentence with correct words, accents and punctuation.",,"Hier, elle est allée au marché avec sa sœur.","[""dictée"", ""orthographe"", ""ponctuation""]",2,2
dictee-visuelle-004,A2+,Dictées,Dictées progressives,dictee_visuelle,Dictée visuelle,dictée,Copie la phrase correctement. Attention à l’imparfait.,"Quand il faisait froid, je prenais toujours l’autobus.",[],"Quand il faisait froid, je prenais toujours l’autobus.","La phrase doit être recopiée avec les bons mots, les accents et la ponctuation.","Rewrite the sentence with correct words, accents and punctuation.",,"Quand il faisait froid, je prenais toujours l’autobus.","[""dictée"", ""orthographe"", ""ponctuation""]",2,2
dictee-visuelle-005,B1,Dictées,Dictées progressives,dictee_visuelle,Dictée visuelle,dictée,Copie la phrase correctement. Attention à la politesse.,"Pourriez-vous répéter la question, s’il vous plaît?",[],"Pourriez-vous répéter la question, s’il vous plaît?","La phrase doit être recopiée avec les bons mots, les accents et la ponctuation.","Rewrite the sentence with correct words, accents and punctuation.",,"Pourriez-vous répéter la question, s’il vous plaît?","[""dictée"", ""orthographe"", ""ponctuation""]",3,2
dictee-visuelle-006,B1,Dictées,Dictées progressives,dictee_visuelle,Dictée visuelle,dictée,Copie la phrase correctement. Attention à la négation.,"Je ne suis pas d’accord, mais je comprends votre point de vue.",[],"Je ne suis pas d’accord, mais je comprends votre point de vue.","La phrase doit être recopiée avec les bons mots, les accents et la ponctuation.","Rewrite the sentence with correct words, accents and punctuation.",,"Je ne suis pas d’accord, mais je comprends votre point de vue.","[""dictée"", ""orthographe"", ""ponctuation""]",3,2
dictee-visuelle-007,B1+,Dictées,Dictées progressives,dictee_visuelle,Dictée visuelle,dictée,Copie la phrase correctement. Attention au subjonctif.,Il faut que nous fassions attention aux détails.,[],Il faut que nous fassions attention aux détails.,"La phrase doit être recopiée avec les bons mots, les accents et la ponctuation.","Rewrite the sentence with correct words, accents and punctuation.",,Il faut que nous fassions attention aux détails.,"[""dictée"", ""orthographe"", ""ponctuation""]",4,2
dictee-visuelle-008,B1+,Dictées,Dictées progressives,dictee_visuelle,Dictée visuelle,dictée,Copie la phrase correctement. Attention à l’hypothèse.,"Si j’avais plus de temps, je pratiquerais chaque soir.",[],"Si j’avais plus de temps, je pratiquerais chaque soir.","La phrase doit être recopiée avec les bons mots, les accents et la ponctuation.","Rewrite the sentence with correct words, accents and punctuation.",,"Si j’avais plus de temps, je pratiquerais chaque soir.","[""dictée"", ""orthographe"", ""ponctuation""]",4,2
dictee-visuelle-009,B2,Dictées,Dictées progressives,dictee_visuelle,Dictée visuelle,dictée,Copie la phrase correctement. Attention au connecteur.,"Cependant, cette solution présente aussi certains désavantages.",[],"Cependant, cette solution présente aussi certains désavantages.","La phrase doit être recopiée avec les bons mots, les accents et la ponctuation.","Rewrite the sentence with correct words, accents and punctuation.",,"Cependant, cette solution présente aussi certains désavantages.","[""dictée"", ""orthographe"", ""ponctuation""]",5,2
dictee-visuelle-010,B2,Dictées,Dictées progressives,dictee_visuelle,Dictée visuelle,dictée,Copie la phrase correctement. Attention au subjonctif après bien que.,"Bien que la situation soit complexe, il faut rester clair et précis.",[],"Bien que la situation soit complexe, il faut rester clair et précis.","La phrase doit être recopiée avec les bons mots, les accents et la ponctuation.","Rewrite the sentence with correct words, accents and punctuation.",,"Bien que la situation soit complexe, il faut rester clair et précis.","[""dictée"", ""orthographe"", ""ponctuation""]",5,2
dictee-visuelle-011,A2,Dictées,Dictées progressives,dictee_visuelle,Dictée visuelle,dictée,Copie la phrase correctement. Attention aux accents et aux articles.,Je vais à la pharmacie après le cours.,[],Je vais à la pharmacie après le cours.,"La phrase doit être recopiée avec les bons mots, les accents et la ponctuation.","Rewrite the sentence with correct words, accents and punctuation.",,Je vais à la pharmacie après le cours.,"[""dictée"", ""orthographe"", ""ponctuation""]",1,2
dictee-visuelle-012,A2,Dictées,Dictées progressives,dictee_visuelle,Dictée visuelle,dictée,Copie la phrase correctement. Attention au trait d’union.,Nous avons un rendez-vous demain matin.,[],Nous avons un rendez-vous demain matin.,"La phrase doit être recopiée avec les bons mots, les accents et la ponctuation.","Rewrite the sentence with correct words, accents and punctuation.",,Nous avons un rendez-vous demain matin.,"[""dictée"", ""orthographe"", ""ponctuation""]",1,2
dictee-visuelle-013,A2+,Dictées,Dictées progressives,dictee_visuelle,Dictée visuelle,dictée,Copie la phrase correctement. Attention au passé composé.,"Hier, elle est allée au marché avec sa sœur.",[],"Hier, elle est allée au marché avec sa sœur.","La phrase doit être recopiée avec les bons mots, les accents et la ponctuation.","Rewrite the sentence with correct words, accents and punctuation.",,"Hier, elle est allée au marché avec sa sœur.","[""dictée"", ""orthographe"", ""ponctuation""]",2,2
dictee-visuelle-014,A2+,Dictées,Dictées progressives,dictee_visuelle,Dictée visuelle,dictée,Copie la phrase correctement. Attention à l’imparfait.,"Quand il faisait froid, je prenais toujours l’autobus.",[],"Quand il faisait froid, je prenais toujours l’autobus.","La phrase doit être recopiée avec les bons mots, les accents et la ponctuation.","Rewrite the sentence with correct words, accents and punctuation.",,"Quand il faisait froid, je prenais toujours l’autobus.","[""dictée"", ""orthographe"", ""ponctuation""]",2,2
dictee-visuelle-015,B1,Dictées,Dictées progressives,dictee_visuelle,Dictée visuelle,dictée,Copie la phrase correctement. Attention à la politesse.,"Pourriez-vous répéter la question, s’il vous plaît?",[],"Pourriez-vous répéter la question, s’il vous plaît?","La phrase doit être recopiée avec les bons mots, les accents et la ponctuation.","Rewrite the sentence with correct words, accents and punctuation.",,"Pourriez-vous répéter la question, s’il vous plaît?","[""dictée"", ""orthographe"", ""ponctuation""]",3,2
dictee-visuelle-016,B1,Dictées,Dictées progressives,dictee_visuelle,Dictée visuelle,dictée,Copie la phrase correctement. Attention à la négation.,"Je ne suis pas d’accord, mais je comprends votre point de vue.",[],"Je ne suis pas d’accord, mais je comprends votre point de vue.","La phrase doit être recopiée avec les bons mots, les accents et la ponctuation.","Rewrite the sentence with correct words, accents and punctuation.",,"Je ne suis pas d’accord, mais je comprends votre point de vue.","[""dictée"", ""orthographe"", ""ponctuation""]",3,2
dictee-visuelle-017,B1+,Dictées,Dictées progressives,dictee_visuelle,Dictée visuelle,dictée,Copie la phrase correctement. Attention au subjonctif.,Il faut que nous fassions attention aux détails.,[],Il faut que nous fassions attention aux détails.,"La phrase doit être recopiée avec les bons mots, les accents et la ponctuation.","Rewrite the sentence with correct words, accents and punctuation.",,Il faut que nous fassions attention aux détails.,"[""dictée"", ""orthographe"", ""ponctuation""]",4,2
dictee-visuelle-018,B1+,Dictées,Dictées progressives,dictee_visuelle,Dictée visuelle,dictée,Copie la phrase correctement. Attention à l’hypothèse.,"Si j’avais plus de temps, je pratiquerais chaque soir.",[],"Si j’avais plus de temps, je pratiquerais chaque soir.","La phrase doit être recopiée avec les bons mots, les accents et la ponctuation.","Rewrite the sentence with correct words, accents and punctuation.",,"Si j’avais plus de temps, je pratiquerais chaque soir.","[""dictée"", ""orthographe"", ""ponctuation""]",4,2
dictee-visuelle-019,B2,Dictées,Dictées progressives,dictee_visuelle,Dictée visuelle,dictée,Copie la phrase correctement. Attention au connecteur.,"Cependant, cette solution présente aussi certains désavantages.",[],"Cependant, cette solution présente aussi certains désavantages.","La phrase doit être recopiée avec les bons mots, les accents et la ponctuation.","Rewrite the sentence with correct words, accents and punctuation.",,"Cependant, cette solution présente aussi certains désavantages.","[""dictée"", ""orthographe"", ""ponctuation""]",5,2
dictee-visuelle-020,B2,Dictées,Dictées progressives,dictee_visuelle,Dictée visuelle,dictée,Copie la phrase correctement. Attention au subjonctif après bien que.,"Bien que la situation soit complexe, il faut rester clair et précis.",[],"Bien que la situation soit complexe, il faut rester clair et précis.","La phrase doit être recopiée avec les bons mots, les accents et la ponctuation.","Rewrite the sentence with correct words, accents and punctuation.",,"Bien que la situation soit complexe, il faut rester clair et précis.","[""dictée"", ""orthographe"", ""ponctuation""]",5,2
dictee-visuelle-021,A2,Dictées,Dictées progressives,dictee_visuelle,Dictée visuelle,dictée,Copie la phrase correctement. Attention aux accents et aux articles.,Je vais à la pharmacie après le cours.,[],Je vais à la pharmacie après le cours.,"La phrase doit être recopiée avec les bons mots, les accents et la ponctuation.","Rewrite the sentence with correct words, accents and punctuation.",,Je vais à la pharmacie après le cours.,"[""dictée"", ""orthographe"", ""ponctuation""]",1,2
dictee-visuelle-022,A2,Dictées,Dictées progressives,dictee_visuelle,Dictée visuelle,dictée,Copie la phrase correctement. Attention au trait d’union.,Nous avons un rendez-vous demain matin.,[],Nous avons un rendez-vous demain matin.,"La phrase doit être recopiée avec les bons mots, les accents et la ponctuation.","Rewrite the sentence with correct words, accents and punctuation.",,Nous avons un rendez-vous demain matin.,"[""dictée"", ""orthographe"", ""ponctuation""]",1,2
dictee-visuelle-023,A2+,Dictées,Dictées progressives,dictee_visuelle,Dictée visuelle,dictée,Copie la phrase correctement. Attention au passé composé.,"Hier, elle est allée au marché avec sa sœur.",[],"Hier, elle est allée au marché avec sa sœur.","La phrase doit être recopiée avec les bons mots, les accents et la ponctuation.","Rewrite the sentence with correct words, accents and punctuation.",,"Hier, elle est allée au marché avec sa sœur.","[""dictée"", ""orthographe"", ""ponctuation""]",2,2
dictee-visuelle-024,A2+,Dictées,Dictées progressives,dictee_visuelle,Dictée visuelle,dictée,Copie la phrase correctement. Attention à l’imparfait.,"Quand il faisait froid, je prenais toujours l’autobus.",[],"Quand il faisait froid, je prenais toujours l’autobus.","La phrase doit être recopiée avec les bons mots, les accents et la ponctuation.","Rewrite the sentence with correct words, accents and punctuation.",,"Quand il faisait froid, je prenais toujours l’autobus.","[""dictée"", ""orthographe"", ""ponctuation""]",2,2
dictee-visuelle-025,B1,Dictées,Dictées progressives,dictee_visuelle,Dictée visuelle,dictée,Copie la phrase correctement. Attention à la politesse.,"Pourriez-vous répéter la question, s’il vous plaît?",[],"Pourriez-vous répéter la question, s’il vous plaît?","La phrase doit être recopiée avec les bons mots, les accents et la ponctuation.","Rewrite the sentence with correct words, accents and punctuation.",,"Pourriez-vous répéter la question, s’il vous plaît?","[""dictée"", ""orthographe"", ""ponctuation""]",3,2
dictee-visuelle-026,B1,Dictées,Dictées progressives,dictee_visuelle,Dictée visuelle,dictée,Copie la phrase correctement. Attention à la négation.,"Je ne suis pas d’accord, mais je comprends votre point de vue.",[],"Je ne suis pas d’accord, mais je comprends votre point de vue.","La phrase doit être recopiée avec les bons mots, les accents et la ponctuation.","Rewrite the sentence with correct words, accents and punctuation.",,"Je ne suis pas d’accord, mais je comprends votre point de vue.","[""dictée"", ""orthographe"", ""ponctuation""]",3,2
dictee-visuelle-027,B1+,Dictées,Dictées progressives,dictee_visuelle,Dictée visuelle,dictée,Copie la phrase correctement. Attention au subjonctif.,Il faut que nous fassions attention aux détails.,[],Il faut que nous fassions attention aux détails.,"La phrase doit être recopiée avec les bons mots, les accents et la ponctuation.","Rewrite the sentence with correct words, accents and punctuation.",,Il faut que nous fassions attention aux détails.,"[""dictée"", ""orthographe"", ""ponctuation""]",4,2
dictee-visuelle-028,B1+,Dictées,Dictées progressives,dictee_visuelle,Dictée visuelle,dictée,Copie la phrase correctement. Attention à l’hypothèse.,"Si j’avais plus de temps, je pratiquerais chaque soir.",[],"Si j’avais plus de temps, je pratiquerais chaque soir.","La phrase doit être recopiée avec les bons mots, les accents et la ponctuation.","Rewrite the sentence with correct words, accents and punctuation.",,"Si j’avais plus de temps, je pratiquerais chaque soir.","[""dictée"", ""orthographe"", ""ponctuation""]",4,2
dictee-visuelle-029,B2,Dictées,Dictées progressives,dictee_visuelle,Dictée visuelle,dictée,Copie la phrase correctement. Attention au connecteur.,"Cependant, cette solution présente aussi certains désavantages.",[],"Cependant, cette solution présente aussi certains désavantages.","La phrase doit être recopiée avec les bons mots, les accents et la ponctuation.","Rewrite the sentence with correct words, accents and punctuation.",,"Cependant, cette solution présente aussi certains désavantages.","[""dictée"", ""orthographe"", ""ponctuation""]",5,2
dictee-visuelle-030,B2,Dictées,Dictées progressives,dictee_visuelle,Dictée visuelle,dictée,Copie la phrase correctement. Attention au subjonctif après bien que.,"Bien que la situation soit complexe, il faut rester clair et précis.",[],"Bien que la situation soit complexe, il faut rester clair et précis.","La phrase doit être recopiée avec les bons mots, les accents et la ponctuation.","Rewrite the sentence with correct words, accents and punctuation.",,"Bien que la situation soit complexe, il faut rester clair et précis.","[""dictée"", ""orthographe"", ""ponctuation""]",5,2
