id,section,track,chapter,activity_type,title,standard_french,spoken_quebec,phonetic_hint,prompt,choices,correct_answer,explication_fr,explication_en,register,exam_safe,usage_note_fr,context_summary_fr,cultural_note_fr,content_warning,source_type,external_url,credit_display_text,tags,difficulty,badge_track
qc-parle-transformation-001,Prêt pour le français québécois?,Québec parlé,Je suis → chu / chus,transformation,Je suis → chu / chus,Je suis fatigué.,Chu fatigué.,chu fa-ti-gué,Que veut dire « Chu fatigué. » en français standard?,"[""Je suis fatigué."", ""Je vais dormir."", ""Je cherche mes clés."", ""C’est une phrase d’examen.""]",Je suis fatigué.,"« Chu » est une compression orale très fréquente de « je suis ». À l’écrit standard, on garde « je suis ».","“Chu” is a common spoken compression of “je suis.” In standard writing, keep “je suis.”",familier,False,À utiliser seulement à l’oral ou entre personnes à l’aise avec ce registre.,,,,original,,,"[""québec parlé"", ""contraction"", ""oral"", ""pas examen""]",1,quebec-parle
qc-parle-transformation-002,Prêt pour le français québécois?,Québec parlé,Je ne suis pas → chus pas,transformation,Je ne suis pas → chus pas,Je ne suis pas prêt.,Chus pas prêt.,chus pâ prè,Que veut dire « Chus pas prêt. » en français standard?,"[""Je ne suis pas prêt."", ""Je vais dormir."", ""Je cherche mes clés."", ""C’est une phrase d’examen.""]",Je ne suis pas prêt.,"À l’oral, « je ne » devient souvent « j’ » ou disparaît. « ne » est très souvent absent dans la langue parlée.","In spoken Quebec French, “ne” often disappears. In exams, keep the standard form.",familier,False,À utiliser seulement à l’oral ou entre personnes à l’aise avec ce registre.,,,,original,,,"[""québec parlé"", ""contraction"", ""oral"", ""pas examen""]",1,quebec-parle
qc-parle-transformation-003,Prêt pour le français québécois?,Québec parlé,Je vais → j’vas,transformation,Je vais → j’vas,Je vais au dépanneur.,J’vas au dep.,jvâ o dèp,Que veut dire « J’vas au dep. » en français standard?,"[""Je vais au dépanneur."", ""Je vais dormir."", ""Je cherche mes clés."", ""C’est une phrase d’examen.""]",Je vais au dépanneur.,"« J’vas » est une forme orale familière. En français standard, on écrit « je vais ».",“J’vas” is informal spoken Quebec French. The standard written form is “je vais.”,familier,False,À utiliser seulement à l’oral ou entre personnes à l’aise avec ce registre.,,,,original,,,"[""québec parlé"", ""contraction"", ""oral"", ""pas examen""]",1,quebec-parle
qc-parle-transformation-004,Prêt pour le français québécois?,Québec parlé,Je vais aller → m’a aller,transformation,Je vais aller → m’a aller,Je vais aller au dépanneur.,M’a aller au dep.,mâ a-lé o dèp,Que veut dire « M’a aller au dep. » en français standard?,"[""Je vais aller au dépanneur."", ""Je vais dormir."", ""Je cherche mes clés."", ""C’est une phrase d’examen.""]",Je vais aller au dépanneur.,« M’a » peut remplacer « je vais » à l’oral dans certaines régions ou contextes familiers.,“M’a” can replace “je vais” in informal speech.,familier,False,À utiliser seulement à l’oral ou entre personnes à l’aise avec ce registre.,,,,original,,,"[""québec parlé"", ""contraction"", ""oral"", ""pas examen""]",1,quebec-parle
qc-parle-transformation-005,Prêt pour le français québécois?,Québec parlé,Je m’en vais → j’m’en va,transformation,Je m’en vais → j’m’en va,Je m’en vais au dépanneur.,J’m’en va au dep.,jm’en va o dèp,Que veut dire « J’m’en va au dep. » en français standard?,"[""Je m’en vais au dépanneur."", ""Je vais dormir."", ""Je cherche mes clés."", ""C’est une phrase d’examen.""]",Je m’en vais au dépanneur.,"La phrase se compresse: « je » devient « j’ », et la prononciation peut glisser vers « va ».",The sentence compresses strongly in speech.,familier,False,À utiliser seulement à l’oral ou entre personnes à l’aise avec ce registre.,,,,original,,,"[""québec parlé"", ""contraction"", ""oral"", ""pas examen""]",1,quebec-parle
qc-parle-transformation-006,Prêt pour le français québécois?,Québec parlé,Il y a → y’a,transformation,Il y a → y’a,Il y a beaucoup de monde.,Y’a ben du monde.,yâ bin du mond,Que veut dire « Y’a ben du monde. » en français standard?,"[""Il y a beaucoup de monde."", ""Je vais dormir."", ""Je cherche mes clés."", ""C’est une phrase d’examen.""]",Il y a beaucoup de monde.,« Il y a » devient presque toujours « y’a » dans l’oral naturel.,“Il y a” almost always becomes “y’a” in natural speech.,familier,False,À utiliser seulement à l’oral ou entre personnes à l’aise avec ce registre.,,,,original,,,"[""québec parlé"", ""contraction"", ""oral"", ""pas examen""]",1,quebec-parle
qc-parle-transformation-007,Prêt pour le français québécois?,Québec parlé,Parce que → passque,transformation,Parce que → passque,Parce que je travaille.,Passque je travaille.,pass-ke jtravaille,Que veut dire « Passque je travaille. » en français standard?,"[""Parce que je travaille."", ""Je vais dormir."", ""Je cherche mes clés."", ""C’est une phrase d’examen.""]",Parce que je travaille.,« Parce que » peut se contracter très fortement à l’oral.,“Parce que” often compresses in speech.,familier,False,À utiliser seulement à l’oral ou entre personnes à l’aise avec ce registre.,,,,original,,,"[""québec parlé"", ""contraction"", ""oral"", ""pas examen""]",2,quebec-parle
qc-parle-transformation-008,Prêt pour le français québécois?,Québec parlé,Je ne sais pas → j’sais pas,transformation,Je ne sais pas → j’sais pas,Je ne sais pas.,J’sais pas.,j-sé pâ,Que veut dire « J’sais pas. » en français standard?,"[""Je ne sais pas."", ""Je vais dormir."", ""Je cherche mes clés."", ""C’est une phrase d’examen.""]",Je ne sais pas.,"Le « ne » tombe souvent à l’oral. Pour l’examen, écrire « je ne sais pas ».",The “ne” often disappears in speech.,familier,False,À utiliser seulement à l’oral ou entre personnes à l’aise avec ce registre.,,,,original,,,"[""québec parlé"", ""contraction"", ""oral"", ""pas examen""]",2,quebec-parle
qc-parle-transformation-009,Prêt pour le français québécois?,Québec parlé,Tu es → t’es,transformation,Tu es → t’es,Tu es prêt?,T’es prêt?,tè prè,Que veut dire « T’es prêt? » en français standard?,"[""Tu es prêt?"", ""Je vais dormir."", ""Je cherche mes clés."", ""C’est une phrase d’examen.""]",Tu es prêt?,"Cette contraction existe aussi en français courant. Elle est normale à l’oral, mais on évite dans un texte formel.","This contraction is common orally, less formal in writing.",familier,False,À utiliser seulement à l’oral ou entre personnes à l’aise avec ce registre.,,,,original,,,"[""québec parlé"", ""contraction"", ""oral"", ""pas examen""]",2,quebec-parle
qc-parle-transformation-010,Prêt pour le français québécois?,Québec parlé,Question inversée vers forme orale,transformation,Question inversée vers forme orale,Qu’est-ce que tu fais?,Tu fais quoi?,tu fè kwa,Que veut dire « Tu fais quoi? » en français standard?,"[""Qu’est-ce que tu fais?"", ""Je vais dormir."", ""Je cherche mes clés."", ""C’est une phrase d’examen.""]",Qu’est-ce que tu fais?,"À l’oral, on utilise souvent la structure sujet + verbe + quoi.","In spoken French, “tu fais quoi?” is common.",familier,False,À utiliser seulement à l’oral ou entre personnes à l’aise avec ce registre.,,,,original,,,"[""québec parlé"", ""contraction"", ""oral"", ""pas examen""]",2,quebec-parle
qc-parle-transformation-011,Prêt pour le français québécois?,Québec parlé,Qu’est-ce que c’est → c’est quoi,transformation,Qu’est-ce que c’est → c’est quoi,Qu’est-ce que c’est?,C’est quoi?,sé kwa,Que veut dire « C’est quoi? » en français standard?,"[""Qu’est-ce que c’est?"", ""Je vais dormir."", ""Je cherche mes clés."", ""C’est une phrase d’examen.""]",Qu’est-ce que c’est?,"Très courant à l’oral. En situation formelle, « qu’est-ce que c’est » reste plus standard.",Very common orally.,familier,False,À utiliser seulement à l’oral ou entre personnes à l’aise avec ce registre.,,,,original,,,"[""québec parlé"", ""contraction"", ""oral"", ""pas examen""]",2,quebec-parle
qc-parle-transformation-012,Prêt pour le français québécois?,Québec parlé,Compression avec pronom,transformation,Compression avec pronom,Je vais te le dire.,M’a te l’dire.,mâ teul-dir,Que veut dire « M’a te l’dire. » en français standard?,"[""Je vais te le dire."", ""Je vais dormir."", ""Je cherche mes clés."", ""C’est une phrase d’examen.""]",Je vais te le dire.,Plusieurs mots courts peuvent se coller ensemble dans le français parlé.,Short function words can merge in spoken French.,familier,False,À utiliser seulement à l’oral ou entre personnes à l’aise avec ce registre.,,,,original,,,"[""québec parlé"", ""contraction"", ""oral"", ""pas examen""]",2,quebec-parle
qc-parle-transformation-013,Prêt pour le français québécois?,Québec parlé,Je suis → chu,transformation,Je suis → chu,Je suis content.,Chu content.,,Reformule « Chu content. » en français standard.,"[""Je suis content."", ""Je suis allé au magasin."", ""Il y a beaucoup de neige."", ""Je ne peux pas répondre.""]",Je suis content.,"En français parlé québécois, cette phrase utilise une compression orale liée à: Je suis → chu. En contexte d’examen, on écrit la version standard.","This spoken Quebec sentence uses oral compression: Je suis → chu. In an exam, use the standard version.",familier,False,À utiliser seulement à l’oral ou entre personnes à l’aise avec ce registre.,,,,original,,,"[""québec parlé"", ""reformulation"", ""standard vs parlé"", ""content""]",2,quebec-parle
qc-parle-transformation-014,Prêt pour le français québécois?,Québec parlé,Je suis → chu,transformation,Je suis → chu,Je suis tanné.,Chu tanné.,,Reformule « Chu tanné. » en français standard.,"[""Je suis tanné."", ""Je suis allé au magasin."", ""Il y a beaucoup de neige."", ""Je ne peux pas répondre.""]",Je suis tanné.,"En français parlé québécois, cette phrase utilise une compression orale liée à: Je suis → chu. En contexte d’examen, on écrit la version standard.","This spoken Quebec sentence uses oral compression: Je suis → chu. In an exam, use the standard version.",familier,False,À utiliser seulement à l’oral ou entre personnes à l’aise avec ce registre.,,,,original,,,"[""québec parlé"", ""reformulation"", ""standard vs parlé"", ""tanné""]",2,quebec-parle
qc-parle-transformation-015,Prêt pour le français québécois?,Québec parlé,ne disparaît,transformation,ne disparaît,Je ne suis pas certain.,Chus pas certain.,,Reformule « Chus pas certain. » en français standard.,"[""Je ne suis pas certain."", ""Je suis allé au magasin."", ""Il y a beaucoup de neige."", ""Je ne peux pas répondre.""]",Je ne suis pas certain.,"En français parlé québécois, cette phrase utilise une compression orale liée à: ne disparaît. En contexte d’examen, on écrit la version standard.","This spoken Quebec sentence uses oral compression: ne disparaît. In an exam, use the standard version.",familier,False,À utiliser seulement à l’oral ou entre personnes à l’aise avec ce registre.,,,,original,,,"[""québec parlé"", ""reformulation"", ""standard vs parlé"", ""certain""]",2,quebec-parle
qc-parle-transformation-016,Prêt pour le français québécois?,Québec parlé,je vais → j’vas,transformation,je vais → j’vas,Je vais revenir plus tard.,J’vas revenir plus tard.,,Reformule « J’vas revenir plus tard. » en français standard.,"[""Je vais revenir plus tard."", ""Je suis allé au magasin."", ""Il y a beaucoup de neige."", ""Je ne peux pas répondre.""]",Je vais revenir plus tard.,"En français parlé québécois, cette phrase utilise une compression orale liée à: je vais → j’vas. En contexte d’examen, on écrit la version standard.","This spoken Quebec sentence uses oral compression: je vais → j’vas. In an exam, use the standard version.",familier,False,À utiliser seulement à l’oral ou entre personnes à l’aise avec ce registre.,,,,original,,,"[""québec parlé"", ""reformulation"", ""standard vs parlé"", ""revenir""]",2,quebec-parle
qc-parle-transformation-017,Prêt pour le français québécois?,Québec parlé,je vais → m’a,transformation,je vais → m’a,Je vais prendre l’autobus.,M’a prendre le bus.,,Reformule « M’a prendre le bus. » en français standard.,"[""Je vais prendre l’autobus."", ""Je suis allé au magasin."", ""Il y a beaucoup de neige."", ""Je ne peux pas répondre.""]",Je vais prendre l’autobus.,"En français parlé québécois, cette phrase utilise une compression orale liée à: je vais → m’a. En contexte d’examen, on écrit la version standard.","This spoken Quebec sentence uses oral compression: je vais → m’a. In an exam, use the standard version.",familier,False,À utiliser seulement à l’oral ou entre personnes à l’aise avec ce registre.,,,,original,,,"[""québec parlé"", ""reformulation"", ""standard vs parlé"", ""bus""]",2,quebec-parle
qc-parle-transformation-018,Prêt pour le français québécois?,Québec parlé,il y a → y’a,transformation,il y a → y’a,Il y a une file d’attente.,Y’a une file.,,Reformule « Y’a une file. » en français standard.,"[""Il y a une file d’attente."", ""Je suis allé au magasin."", ""Il y a beaucoup de neige."", ""Je ne peux pas répondre.""]",Il y a une file d’attente.,"En français parlé québécois, cette phrase utilise une compression orale liée à: il y a → y’a. En contexte d’examen, on écrit la version standard.","This spoken Quebec sentence uses oral compression: il y a → y’a. In an exam, use the standard version.",familier,False,À utiliser seulement à l’oral ou entre personnes à l’aise avec ce registre.,,,,original,,,"[""québec parlé"", ""reformulation"", ""standard vs parlé"", ""file""]",2,quebec-parle
qc-parle-transformation-019,Prêt pour le français québécois?,Québec parlé,il faut que → faut que,transformation,il faut que → faut que,Il faut que je parte.,Faut que j’parte.,,Reformule « Faut que j’parte. » en français standard.,"[""Il faut que je parte."", ""Je suis allé au magasin."", ""Il y a beaucoup de neige."", ""Je ne peux pas répondre.""]",Il faut que je parte.,"En français parlé québécois, cette phrase utilise une compression orale liée à: il faut que → faut que. En contexte d’examen, on écrit la version standard.","This spoken Quebec sentence uses oral compression: il faut que → faut que. In an exam, use the standard version.",familier,False,À utiliser seulement à l’oral ou entre personnes à l’aise avec ce registre.,,,,original,,,"[""québec parlé"", ""reformulation"", ""standard vs parlé"", ""partir""]",2,quebec-parle
qc-parle-transformation-020,Prêt pour le français québécois?,Québec parlé,particule tu interrogative,transformation,particule tu interrogative,Je veux-tu essayer?,J’veux-tu essayer?,,Reformule « J’veux-tu essayer? » en français standard.,"[""Je veux-tu essayer?"", ""Je suis allé au magasin."", ""Il y a beaucoup de neige."", ""Je ne peux pas répondre.""]",Je veux-tu essayer?,"En français parlé québécois, cette phrase utilise une compression orale liée à: particule tu interrogative. En contexte d’examen, on écrit la version standard.","This spoken Quebec sentence uses oral compression: particule tu interrogative. In an exam, use the standard version.",familier,False,À utiliser seulement à l’oral ou entre personnes à l’aise avec ce registre.,,,,original,,,"[""québec parlé"", ""reformulation"", ""standard vs parlé"", ""question""]",2,quebec-parle
qc-parle-transformation-021,Prêt pour le français québécois?,Québec parlé,particule tu interrogative,transformation,particule tu interrogative,Tu veux venir?,Tu veux-tu venir?,,Reformule « Tu veux-tu venir? » en français standard.,"[""Tu veux venir?"", ""Je suis allé au magasin."", ""Il y a beaucoup de neige."", ""Je ne peux pas répondre.""]",Tu veux venir?,"En français parlé québécois, cette phrase utilise une compression orale liée à: particule tu interrogative. En contexte d’examen, on écrit la version standard.","This spoken Quebec sentence uses oral compression: particule tu interrogative. In an exam, use the standard version.",familier,False,À utiliser seulement à l’oral ou entre personnes à l’aise avec ce registre.,,,,original,,,"[""québec parlé"", ""reformulation"", ""standard vs parlé"", ""question""]",2,quebec-parle
qc-parle-transformation-022,Prêt pour le français québécois?,Québec parlé,élision orale,transformation,élision orale,Je suis dans le métro.,Chu dans l’métro.,,Reformule « Chu dans l’métro. » en français standard.,"[""Je suis dans le métro."", ""Je suis allé au magasin."", ""Il y a beaucoup de neige."", ""Je ne peux pas répondre.""]",Je suis dans le métro.,"En français parlé québécois, cette phrase utilise une compression orale liée à: élision orale. En contexte d’examen, on écrit la version standard.","This spoken Quebec sentence uses oral compression: élision orale. In an exam, use the standard version.",familier,False,À utiliser seulement à l’oral ou entre personnes à l’aise avec ce registre.,,,,original,,,"[""québec parlé"", ""reformulation"", ""standard vs parlé"", ""métro""]",2,quebec-parle
qc-parle-transformation-023,Prêt pour le français québécois?,Québec parlé,je vais → j’vas,transformation,je vais → j’vas,Je vais à Montréal.,J’vas à Montréal.,,Reformule « J’vas à Montréal. » en français standard.,"[""Je vais à Montréal."", ""Je suis allé au magasin."", ""Il y a beaucoup de neige."", ""Je ne peux pas répondre.""]",Je vais à Montréal.,"En français parlé québécois, cette phrase utilise une compression orale liée à: je vais → j’vas. En contexte d’examen, on écrit la version standard.","This spoken Quebec sentence uses oral compression: je vais → j’vas. In an exam, use the standard version.",familier,False,À utiliser seulement à l’oral ou entre personnes à l’aise avec ce registre.,,,,original,,,"[""québec parlé"", ""reformulation"", ""standard vs parlé"", ""Montréal""]",2,quebec-parle
qc-parle-transformation-024,Prêt pour le français québécois?,Québec parlé,ne disparaît,transformation,ne disparaît,Je n’ai pas compris.,J’ai pas compris.,,Reformule « J’ai pas compris. » en français standard.,"[""Je n’ai pas compris."", ""Je suis allé au magasin."", ""Il y a beaucoup de neige."", ""Je ne peux pas répondre.""]",Je n’ai pas compris.,"En français parlé québécois, cette phrase utilise une compression orale liée à: ne disparaît. En contexte d’examen, on écrit la version standard.","This spoken Quebec sentence uses oral compression: ne disparaît. In an exam, use the standard version.",familier,False,À utiliser seulement à l’oral ou entre personnes à l’aise avec ce registre.,,,,original,,,"[""québec parlé"", ""reformulation"", ""standard vs parlé"", ""comprendre""]",2,quebec-parle
qc-parle-transformation-025,Prêt pour le français québécois?,Québec parlé,compression,transformation,compression,Je suis en retard.,Chu en r’tard.,,Reformule « Chu en r’tard. » en français standard.,"[""Je suis en retard."", ""Je suis allé au magasin."", ""Il y a beaucoup de neige."", ""Je ne peux pas répondre.""]",Je suis en retard.,"En français parlé québécois, cette phrase utilise une compression orale liée à: compression. En contexte d’examen, on écrit la version standard.","This spoken Quebec sentence uses oral compression: compression. In an exam, use the standard version.",familier,False,À utiliser seulement à l’oral ou entre personnes à l’aise avec ce registre.,,,,original,,,"[""québec parlé"", ""reformulation"", ""standard vs parlé"", ""retard""]",2,quebec-parle
qc-parle-transformation-026,Prêt pour le français québécois?,Québec parlé,compression,transformation,compression,Je regarde la télévision.,J’r’garde la télé.,,Reformule « J’r’garde la télé. » en français standard.,"[""Je regarde la télévision."", ""Je suis allé au magasin."", ""Il y a beaucoup de neige."", ""Je ne peux pas répondre.""]",Je regarde la télévision.,"En français parlé québécois, cette phrase utilise une compression orale liée à: compression. En contexte d’examen, on écrit la version standard.","This spoken Quebec sentence uses oral compression: compression. In an exam, use the standard version.",familier,False,À utiliser seulement à l’oral ou entre personnes à l’aise avec ce registre.,,,,original,,,"[""québec parlé"", ""reformulation"", ""standard vs parlé"", ""télé""]",2,quebec-parle
qc-parle-transformation-027,Prêt pour le français québécois?,Québec parlé,emploi familier,transformation,emploi familier,Je vais au travail.,J’vas à job.,,Reformule « J’vas à job. » en français standard.,"[""Je vais au travail."", ""Je suis allé au magasin."", ""Il y a beaucoup de neige."", ""Je ne peux pas répondre.""]",Je vais au travail.,"En français parlé québécois, cette phrase utilise une compression orale liée à: emploi familier. En contexte d’examen, on écrit la version standard.","This spoken Quebec sentence uses oral compression: emploi familier. In an exam, use the standard version.",familier,False,À utiliser seulement à l’oral ou entre personnes à l’aise avec ce registre.,,,,original,,,"[""québec parlé"", ""reformulation"", ""standard vs parlé"", ""job""]",2,quebec-parle
qc-parle-transformation-028,Prêt pour le français québécois?,Québec parlé,chez nous,transformation,chez nous,Je suis chez nous.,Chu chez nous.,,Reformule « Chu chez nous. » en français standard.,"[""Je suis chez nous."", ""Je suis allé au magasin."", ""Il y a beaucoup de neige."", ""Je ne peux pas répondre.""]",Je suis chez nous.,"En français parlé québécois, cette phrase utilise une compression orale liée à: chez nous. En contexte d’examen, on écrit la version standard.","This spoken Quebec sentence uses oral compression: chez nous. In an exam, use the standard version.",familier,False,À utiliser seulement à l’oral ou entre personnes à l’aise avec ce registre.,,,,original,,,"[""québec parlé"", ""reformulation"", ""standard vs parlé"", ""maison""]",2,quebec-parle
qc-parle-transformation-029,Prêt pour le français québécois?,Québec parlé,je m’en vais,transformation,je m’en vais,Je m’en vais chez nous.,J’m’en va chez nous.,,Reformule « J’m’en va chez nous. » en français standard.,"[""Je m’en vais chez nous."", ""Je suis allé au magasin."", ""Il y a beaucoup de neige."", ""Je ne peux pas répondre.""]",Je m’en vais chez nous.,"En français parlé québécois, cette phrase utilise une compression orale liée à: je m’en vais. En contexte d’examen, on écrit la version standard.","This spoken Quebec sentence uses oral compression: je m’en vais. In an exam, use the standard version.",familier,False,À utiliser seulement à l’oral ou entre personnes à l’aise avec ce registre.,,,,original,,,"[""québec parlé"", ""reformulation"", ""standard vs parlé"", ""maison""]",2,quebec-parle
qc-parle-transformation-030,Prêt pour le français québécois?,Québec parlé,tu as → t’as,transformation,tu as → t’as,Tu as raison.,T’as raison.,,Reformule « T’as raison. » en français standard.,"[""Tu as raison."", ""Je suis allé au magasin."", ""Il y a beaucoup de neige."", ""Je ne peux pas répondre.""]",Tu as raison.,"En français parlé québécois, cette phrase utilise une compression orale liée à: tu as → t’as. En contexte d’examen, on écrit la version standard.","This spoken Quebec sentence uses oral compression: tu as → t’as. In an exam, use the standard version.",familier,False,À utiliser seulement à l’oral ou entre personnes à l’aise avec ce registre.,,,,original,,,"[""québec parlé"", ""reformulation"", ""standard vs parlé"", ""raison""]",2,quebec-parle
qc-parle-transformation-031,Prêt pour le français québécois?,Québec parlé,il → y,transformation,il → y,Il est parti.,Y’est parti.,,Reformule « Y’est parti. » en français standard.,"[""Il est parti."", ""Je suis allé au magasin."", ""Il y a beaucoup de neige."", ""Je ne peux pas répondre.""]",Il est parti.,"En français parlé québécois, cette phrase utilise une compression orale liée à: il → y. En contexte d’examen, on écrit la version standard.","This spoken Quebec sentence uses oral compression: il → y. In an exam, use the standard version.",familier,False,À utiliser seulement à l’oral ou entre personnes à l’aise avec ce registre.,,,,original,,,"[""québec parlé"", ""reformulation"", ""standard vs parlé"", ""parti""]",2,quebec-parle
qc-parle-transformation-032,Prêt pour le français québécois?,Québec parlé,elle → a/l,transformation,elle → a/l,Elle est arrivée.,A l’est arrivée.,,Reformule « A l’est arrivée. » en français standard.,"[""Elle est arrivée."", ""Je suis allé au magasin."", ""Il y a beaucoup de neige."", ""Je ne peux pas répondre.""]",Elle est arrivée.,"En français parlé québécois, cette phrase utilise une compression orale liée à: elle → a/l. En contexte d’examen, on écrit la version standard.","This spoken Quebec sentence uses oral compression: elle → a/l. In an exam, use the standard version.",familier,False,À utiliser seulement à l’oral ou entre personnes à l’aise avec ce registre.,,,,original,,,"[""québec parlé"", ""reformulation"", ""standard vs parlé"", ""arrivée""]",2,quebec-parle
qc-parle-transformation-033,Prêt pour le français québécois?,Québec parlé,ils → y,transformation,ils → y,Ils sont là.,Y sont là.,,Reformule « Y sont là. » en français standard.,"[""Ils sont là."", ""Je suis allé au magasin."", ""Il y a beaucoup de neige."", ""Je ne peux pas répondre.""]",Ils sont là.,"En français parlé québécois, cette phrase utilise une compression orale liée à: ils → y. En contexte d’examen, on écrit la version standard.","This spoken Quebec sentence uses oral compression: ils → y. In an exam, use the standard version.",familier,False,À utiliser seulement à l’oral ou entre personnes à l’aise avec ce registre.,,,,original,,,"[""québec parlé"", ""reformulation"", ""standard vs parlé"", ""là""]",2,quebec-parle
qc-parle-transformation-034,Prêt pour le français québécois?,Québec parlé,elles → y,transformation,elles → y,Elles sont parties.,Y sont parties.,,Reformule « Y sont parties. » en français standard.,"[""Elles sont parties."", ""Je suis allé au magasin."", ""Il y a beaucoup de neige."", ""Je ne peux pas répondre.""]",Elles sont parties.,"En français parlé québécois, cette phrase utilise une compression orale liée à: elles → y. En contexte d’examen, on écrit la version standard.","This spoken Quebec sentence uses oral compression: elles → y. In an exam, use the standard version.",familier,False,À utiliser seulement à l’oral ou entre personnes à l’aise avec ce registre.,,,,original,,,"[""québec parlé"", ""reformulation"", ""standard vs parlé"", ""parties""]",2,quebec-parle
qc-parle-transformation-035,Prêt pour le français québécois?,Québec parlé,je suis → chu,transformation,je suis → chu,Je suis capable.,Chu capable.,,Reformule « Chu capable. » en français standard.,"[""Je suis capable."", ""Je suis allé au magasin."", ""Il y a beaucoup de neige."", ""Je ne peux pas répondre.""]",Je suis capable.,"En français parlé québécois, cette phrase utilise une compression orale liée à: je suis → chu. En contexte d’examen, on écrit la version standard.","This spoken Quebec sentence uses oral compression: je suis → chu. In an exam, use the standard version.",familier,False,À utiliser seulement à l’oral ou entre personnes à l’aise avec ce registre.,,,,original,,,"[""québec parlé"", ""reformulation"", ""standard vs parlé"", ""capable""]",2,quebec-parle
qc-parle-transformation-036,Prêt pour le français québécois?,Québec parlé,plus → pu,transformation,plus → pu,Je ne veux plus.,J’veux pu.,,Reformule « J’veux pu. » en français standard.,"[""Je ne veux plus."", ""Je suis allé au magasin."", ""Il y a beaucoup de neige."", ""Je ne peux pas répondre.""]",Je ne veux plus.,"En français parlé québécois, cette phrase utilise une compression orale liée à: plus → pu. En contexte d’examen, on écrit la version standard.","This spoken Quebec sentence uses oral compression: plus → pu. In an exam, use the standard version.",familier,False,À utiliser seulement à l’oral ou entre personnes à l’aise avec ce registre.,,,,original,,,"[""québec parlé"", ""reformulation"", ""standard vs parlé"", ""plus""]",2,quebec-parle
qc-parle-transformation-037,Prêt pour le français québécois?,Québec parlé,plus → pu,transformation,plus → pu,Je n’en ai plus.,J’en ai pu.,,Reformule « J’en ai pu. » en français standard.,"[""Je n’en ai plus."", ""Je suis allé au magasin."", ""Il y a beaucoup de neige."", ""Je ne peux pas répondre.""]",Je n’en ai plus.,"En français parlé québécois, cette phrase utilise une compression orale liée à: plus → pu. En contexte d’examen, on écrit la version standard.","This spoken Quebec sentence uses oral compression: plus → pu. In an exam, use the standard version.",familier,False,À utiliser seulement à l’oral ou entre personnes à l’aise avec ce registre.,,,,original,,,"[""québec parlé"", ""reformulation"", ""standard vs parlé"", ""plus""]",2,quebec-parle
qc-expression-001,Prêt pour le français québécois?,Expressions québécoises,être tanné,expression_match,être tanné,,J’suis tanné de la pluie.,,Que veut dire l’expression « être tanné » dans: « J’suis tanné de la pluie. »?,"[""être fatigué de quelque chose / en avoir assez"", ""une phrase très formelle"", ""un futur proche"", ""un mot utilisé seulement en France""]",être fatigué de quelque chose / en avoir assez,"« être tanné » est une expression québécoise familière. Ici, le sens est: être fatigué de quelque chose / en avoir assez.",“être tanné” is an informal Quebec expression. Here it means: être fatigué de quelque chose / en avoir assez.,familier,False,À utiliser seulement à l’oral ou entre personnes à l’aise avec ce registre.,,,,original,,,"[""expression"", ""québécois"", ""oral"", ""pas examen""]",1,expressions-quebecoises
qc-expression-002,Prêt pour le français québécois?,Expressions québécoises,c’est plate,expression_match,c’est plate,,C’est plate que tu ne puisses pas venir.,,Que veut dire l’expression « c’est plate » dans: « C’est plate que tu ne puisses pas venir. »?,"[""c’est dommage / c’est ennuyeux"", ""une phrase très formelle"", ""un futur proche"", ""un mot utilisé seulement en France""]",c’est dommage / c’est ennuyeux,"« c’est plate » est une expression québécoise familière. Ici, le sens est: c’est dommage / c’est ennuyeux.",“c’est plate” is an informal Quebec expression. Here it means: c’est dommage / c’est ennuyeux.,familier,False,À utiliser seulement à l’oral ou entre personnes à l’aise avec ce registre.,,,,original,,,"[""expression"", ""québécois"", ""oral"", ""pas examen""]",1,expressions-quebecoises
qc-expression-003,Prêt pour le français québécois?,Expressions québécoises,avoir de la misère,expression_match,avoir de la misère,,J’ai de la misère avec les verbes.,,Que veut dire l’expression « avoir de la misère » dans: « J’ai de la misère avec les verbes. »?,"[""avoir de la difficulté"", ""une phrase très formelle"", ""un futur proche"", ""un mot utilisé seulement en France""]",avoir de la difficulté,"« avoir de la misère » est une expression québécoise familière. Ici, le sens est: avoir de la difficulté.",“avoir de la misère” is an informal Quebec expression. Here it means: avoir de la difficulté.,familier,False,À utiliser seulement à l’oral ou entre personnes à l’aise avec ce registre.,,,,original,,,"[""expression"", ""québécois"", ""oral"", ""pas examen""]",1,expressions-quebecoises
qc-expression-004,Prêt pour le français québécois?,Expressions québécoises,pogner,expression_match,pogner,,J’ai pogné l’autobus.,,Que veut dire l’expression « pogner » dans: « J’ai pogné l’autobus. »?,"[""attraper / prendre"", ""une phrase très formelle"", ""un futur proche"", ""un mot utilisé seulement en France""]",attraper / prendre,"« pogner » est une expression québécoise familière. Ici, le sens est: attraper / prendre.",“pogner” is an informal Quebec expression. Here it means: attraper / prendre.,familier,False,À utiliser seulement à l’oral ou entre personnes à l’aise avec ce registre.,,,,original,,,"[""expression"", ""québécois"", ""oral"", ""pas examen""]",1,expressions-quebecoises
qc-expression-005,Prêt pour le français québécois?,Expressions québécoises,pogner les nerfs,expression_match,pogner les nerfs,,Il a pogné les nerfs.,,Que veut dire l’expression « pogner les nerfs » dans: « Il a pogné les nerfs. »?,"[""perdre patience / se fâcher"", ""une phrase très formelle"", ""un futur proche"", ""un mot utilisé seulement en France""]",perdre patience / se fâcher,"« pogner les nerfs » est une expression québécoise familière. Ici, le sens est: perdre patience / se fâcher.",“pogner les nerfs” is an informal Quebec expression. Here it means: perdre patience / se fâcher.,familier,False,À utiliser seulement à l’oral ou entre personnes à l’aise avec ce registre.,,,,original,,,"[""expression"", ""québécois"", ""oral"", ""pas examen""]",1,expressions-quebecoises
qc-expression-006,Prêt pour le français québécois?,Expressions québécoises,ça pogne,expression_match,ça pogne,,Cette chanson pogne.,,Que veut dire l’expression « ça pogne » dans: « Cette chanson pogne. »?,"[""ça devient populaire / ça fonctionne"", ""une phrase très formelle"", ""un futur proche"", ""un mot utilisé seulement en France""]",ça devient populaire / ça fonctionne,"« ça pogne » est une expression québécoise familière. Ici, le sens est: ça devient populaire / ça fonctionne.",“ça pogne” is an informal Quebec expression. Here it means: ça devient populaire / ça fonctionne.,familier,False,À utiliser seulement à l’oral ou entre personnes à l’aise avec ce registre.,,,,original,,,"[""expression"", ""québécois"", ""oral"", ""pas examen""]",1,expressions-quebecoises
qc-expression-007,Prêt pour le français québécois?,Expressions québécoises,être pogné,expression_match,être pogné,,Je suis pogné dans le trafic.,,Que veut dire l’expression « être pogné » dans: « Je suis pogné dans le trafic. »?,"[""être coincé"", ""une phrase très formelle"", ""un futur proche"", ""un mot utilisé seulement en France""]",être coincé,"« être pogné » est une expression québécoise familière. Ici, le sens est: être coincé.",“être pogné” is an informal Quebec expression. Here it means: être coincé.,familier,False,À utiliser seulement à l’oral ou entre personnes à l’aise avec ce registre.,,,,original,,,"[""expression"", ""québécois"", ""oral"", ""pas examen""]",1,expressions-quebecoises
qc-expression-008,Prêt pour le français québécois?,Expressions québécoises,capoter,expression_match,capoter,,"Je capote, c’est trop drôle.",,"Que veut dire l’expression « capoter » dans: « Je capote, c’est trop drôle. »?","[""être très surpris, excité, stressé ou fâché selon le ton"", ""une phrase très formelle"", ""un futur proche"", ""un mot utilisé seulement en France""]","être très surpris, excité, stressé ou fâché selon le ton","« capoter » est une expression québécoise familière. Ici, le sens est: être très surpris, excité, stressé ou fâché selon le ton.","“capoter” is an informal Quebec expression. Here it means: être très surpris, excité, stressé ou fâché selon le ton.",familier,False,À utiliser seulement à l’oral ou entre personnes à l’aise avec ce registre.,,,,original,,,"[""expression"", ""québécois"", ""oral"", ""pas examen""]",1,expressions-quebecoises
qc-expression-009,Prêt pour le français québécois?,Expressions québécoises,niaiser,expression_match,niaiser,,Arrête de niaiser.,,Que veut dire l’expression « niaiser » dans: « Arrête de niaiser. »?,"[""faire le clown / perdre son temps / ne pas être sérieux"", ""une phrase très formelle"", ""un futur proche"", ""un mot utilisé seulement en France""]",faire le clown / perdre son temps / ne pas être sérieux,"« niaiser » est une expression québécoise familière. Ici, le sens est: faire le clown / perdre son temps / ne pas être sérieux.",“niaiser” is an informal Quebec expression. Here it means: faire le clown / perdre son temps / ne pas être sérieux.,familier,False,À utiliser seulement à l’oral ou entre personnes à l’aise avec ce registre.,,,,original,,,"[""expression"", ""québécois"", ""oral"", ""pas examen""]",1,expressions-quebecoises
qc-expression-010,Prêt pour le français québécois?,Expressions québécoises,coudonc,expression_match,coudonc,,"Coudonc, qu’est-ce qui se passe?",,"Que veut dire l’expression « coudonc » dans: « Coudonc, qu’est-ce qui se passe? »?","[""marque la surprise, l’impatience ou une question"", ""une phrase très formelle"", ""un futur proche"", ""un mot utilisé seulement en France""]","marque la surprise, l’impatience ou une question","« coudonc » est une expression québécoise familière. Ici, le sens est: marque la surprise, l’impatience ou une question.","“coudonc” is an informal Quebec expression. Here it means: marque la surprise, l’impatience ou une question.",familier,False,À utiliser seulement à l’oral ou entre personnes à l’aise avec ce registre.,,,,original,,,"[""expression"", ""québécois"", ""oral"", ""pas examen""]",1,expressions-quebecoises
qc-expression-011,Prêt pour le français québécois?,Expressions québécoises,pantoute,expression_match,pantoute,,Je comprends pas pantoute.,,Que veut dire l’expression « pantoute » dans: « Je comprends pas pantoute. »?,"[""pas du tout"", ""une phrase très formelle"", ""un futur proche"", ""un mot utilisé seulement en France""]",pas du tout,"« pantoute » est une expression québécoise familière. Ici, le sens est: pas du tout.",“pantoute” is an informal Quebec expression. Here it means: pas du tout.,familier,False,À utiliser seulement à l’oral ou entre personnes à l’aise avec ce registre.,,,,original,,,"[""expression"", ""québécois"", ""oral"", ""pas examen""]",1,expressions-quebecoises
qc-expression-012,Prêt pour le français québécois?,Expressions québécoises,ben voyons donc,expression_match,ben voyons donc,,"Ben voyons donc, c’est impossible.",,"Que veut dire l’expression « ben voyons donc » dans: « Ben voyons donc, c’est impossible. »?","[""exprime l’incrédulité"", ""une phrase très formelle"", ""un futur proche"", ""un mot utilisé seulement en France""]",exprime l’incrédulité,"« ben voyons donc » est une expression québécoise familière. Ici, le sens est: exprime l’incrédulité.",“ben voyons donc” is an informal Quebec expression. Here it means: exprime l’incrédulité.,familier,False,À utiliser seulement à l’oral ou entre personnes à l’aise avec ce registre.,,,,original,,,"[""expression"", ""québécois"", ""oral"", ""pas examen""]",1,expressions-quebecoises
qc-expression-013,Prêt pour le français québécois?,Expressions québécoises,tantôt,expression_match,tantôt,,Je vais t’appeler tantôt.,,Que veut dire l’expression « tantôt » dans: « Je vais t’appeler tantôt. »?,"[""plus tard ou plus tôt selon le contexte"", ""une phrase très formelle"", ""un futur proche"", ""un mot utilisé seulement en France""]",plus tard ou plus tôt selon le contexte,"« tantôt » est une expression québécoise familière. Ici, le sens est: plus tard ou plus tôt selon le contexte.",“tantôt” is an informal Quebec expression. Here it means: plus tard ou plus tôt selon le contexte.,familier,False,À utiliser seulement à l’oral ou entre personnes à l’aise avec ce registre.,,,,original,,,"[""expression"", ""québécois"", ""oral"", ""pas examen""]",1,expressions-quebecoises
qc-expression-014,Prêt pour le français québécois?,Expressions québécoises,char,expression_match,char,,J’ai pris mon char.,,Que veut dire l’expression « char » dans: « J’ai pris mon char. »?,"[""voiture"", ""une phrase très formelle"", ""un futur proche"", ""un mot utilisé seulement en France""]",voiture,"« char » est une expression québécoise familière. Ici, le sens est: voiture.",“char” is an informal Quebec expression. Here it means: voiture.,familier,False,À utiliser seulement à l’oral ou entre personnes à l’aise avec ce registre.,,,,original,,,"[""expression"", ""québécois"", ""oral"", ""pas examen""]",1,expressions-quebecoises
qc-expression-015,Prêt pour le français québécois?,Expressions québécoises,dépanneur / dep,expression_match,dépanneur / dep,,Je vais au dep.,,Que veut dire l’expression « dépanneur / dep » dans: « Je vais au dep. »?,"[""petit commerce de proximité"", ""une phrase très formelle"", ""un futur proche"", ""un mot utilisé seulement en France""]",petit commerce de proximité,"« dépanneur / dep » est une expression québécoise familière. Ici, le sens est: petit commerce de proximité.",“dépanneur / dep” is an informal Quebec expression. Here it means: petit commerce de proximité.,familier,False,À utiliser seulement à l’oral ou entre personnes à l’aise avec ce registre.,,,,original,,,"[""expression"", ""québécois"", ""oral"", ""pas examen""]",1,expressions-quebecoises
qc-expression-016,Prêt pour le français québécois?,Expressions québécoises,magasiner,expression_match,magasiner,,Je vais magasiner samedi.,,Que veut dire l’expression « magasiner » dans: « Je vais magasiner samedi. »?,"[""faire les magasins"", ""une phrase très formelle"", ""un futur proche"", ""un mot utilisé seulement en France""]",faire les magasins,"« magasiner » est une expression québécoise familière. Ici, le sens est: faire les magasins.",“magasiner” is an informal Quebec expression. Here it means: faire les magasins.,familier,False,À utiliser seulement à l’oral ou entre personnes à l’aise avec ce registre.,,,,original,,,"[""expression"", ""québécois"", ""oral"", ""pas examen""]",2,expressions-quebecoises
qc-expression-017,Prêt pour le français québécois?,Expressions québécoises,placoter,expression_match,placoter,,On a placoté longtemps.,,Que veut dire l’expression « placoter » dans: « On a placoté longtemps. »?,"[""jaser / discuter"", ""une phrase très formelle"", ""un futur proche"", ""un mot utilisé seulement en France""]",jaser / discuter,"« placoter » est une expression québécoise familière. Ici, le sens est: jaser / discuter.",“placoter” is an informal Quebec expression. Here it means: jaser / discuter.,familier,False,À utiliser seulement à l’oral ou entre personnes à l’aise avec ce registre.,,,,original,,,"[""expression"", ""québécois"", ""oral"", ""pas examen""]",2,expressions-quebecoises
qc-expression-018,Prêt pour le français québécois?,Expressions québécoises,jaser,expression_match,jaser,,Viens jaser deux minutes.,,Que veut dire l’expression « jaser » dans: « Viens jaser deux minutes. »?,"[""parler / discuter"", ""une phrase très formelle"", ""un futur proche"", ""un mot utilisé seulement en France""]",parler / discuter,"« jaser » est une expression québécoise familière. Ici, le sens est: parler / discuter.",“jaser” is an informal Quebec expression. Here it means: parler / discuter.,familier,False,À utiliser seulement à l’oral ou entre personnes à l’aise avec ce registre.,,,,original,,,"[""expression"", ""québécois"", ""oral"", ""pas examen""]",2,expressions-quebecoises
qc-expression-019,Prêt pour le français québécois?,Expressions québécoises,chum / blonde,expression_match,chum / blonde,,Mon chum arrive bientôt.,,Que veut dire l’expression « chum / blonde » dans: « Mon chum arrive bientôt. »?,"[""copain / copine"", ""une phrase très formelle"", ""un futur proche"", ""un mot utilisé seulement en France""]",copain / copine,"« chum / blonde » est une expression québécoise familière. Ici, le sens est: copain / copine.",“chum / blonde” is an informal Quebec expression. Here it means: copain / copine.,familier,False,À utiliser seulement à l’oral ou entre personnes à l’aise avec ce registre.,,,,original,,,"[""expression"", ""québécois"", ""oral"", ""pas examen""]",2,expressions-quebecoises
qc-expression-020,Prêt pour le français québécois?,Expressions québécoises,écœurant,expression_match,écœurant,,C’était écœurant!,,Que veut dire l’expression « écœurant » dans: « C’était écœurant! »?,"[""peut vouloir dire excellent ou dégoûtant selon le contexte"", ""une phrase très formelle"", ""un futur proche"", ""un mot utilisé seulement en France""]",peut vouloir dire excellent ou dégoûtant selon le contexte,"« écœurant » est une expression québécoise familière. Ici, le sens est: peut vouloir dire excellent ou dégoûtant selon le contexte.",“écœurant” is an informal Quebec expression. Here it means: peut vouloir dire excellent ou dégoûtant selon le contexte.,familier,False,À utiliser seulement à l’oral ou entre personnes à l’aise avec ce registre.,,,,original,,,"[""expression"", ""québécois"", ""oral"", ""pas examen""]",2,expressions-quebecoises
qc-expression-021,Prêt pour le français québécois?,Expressions québécoises,malade,expression_match,malade,,Le show était malade.,,Que veut dire l’expression « malade » dans: « Le show était malade. »?,"[""excellent / intense"", ""une phrase très formelle"", ""un futur proche"", ""un mot utilisé seulement en France""]",excellent / intense,"« malade » est une expression québécoise familière. Ici, le sens est: excellent / intense.",“malade” is an informal Quebec expression. Here it means: excellent / intense.,familier,False,À utiliser seulement à l’oral ou entre personnes à l’aise avec ce registre.,,,,original,,,"[""expression"", ""québécois"", ""oral"", ""pas examen""]",2,expressions-quebecoises
qc-expression-022,Prêt pour le français québécois?,Expressions québécoises,pas pire,expression_match,pas pire,,C’est pas pire.,,Que veut dire l’expression « pas pire » dans: « C’est pas pire. »?,"[""assez bien"", ""une phrase très formelle"", ""un futur proche"", ""un mot utilisé seulement en France""]",assez bien,"« pas pire » est une expression québécoise familière. Ici, le sens est: assez bien.",“pas pire” is an informal Quebec expression. Here it means: assez bien.,familier,False,À utiliser seulement à l’oral ou entre personnes à l’aise avec ce registre.,,,,original,,,"[""expression"", ""québécois"", ""oral"", ""pas examen""]",2,expressions-quebecoises
qc-expression-023,Prêt pour le français québécois?,Expressions québécoises,à matin,expression_match,à matin,,Je l’ai vu à matin.,,Que veut dire l’expression « à matin » dans: « Je l’ai vu à matin. »?,"[""ce matin, familier"", ""une phrase très formelle"", ""un futur proche"", ""un mot utilisé seulement en France""]","ce matin, familier","« à matin » est une expression québécoise familière. Ici, le sens est: ce matin, familier.","“à matin” is an informal Quebec expression. Here it means: ce matin, familier.",familier,False,À utiliser seulement à l’oral ou entre personnes à l’aise avec ce registre.,,,,original,,,"[""expression"", ""québécois"", ""oral"", ""pas examen""]",2,expressions-quebecoises
qc-expression-024,Prêt pour le français québécois?,Expressions québécoises,asteure,expression_match,asteure,,"Asteure, on commence.",,"Que veut dire l’expression « asteure » dans: « Asteure, on commence. »?","[""maintenant, familier"", ""une phrase très formelle"", ""un futur proche"", ""un mot utilisé seulement en France""]","maintenant, familier","« asteure » est une expression québécoise familière. Ici, le sens est: maintenant, familier.","“asteure” is an informal Quebec expression. Here it means: maintenant, familier.",familier,False,À utiliser seulement à l’oral ou entre personnes à l’aise avec ce registre.,,,,original,,,"[""expression"", ""québécois"", ""oral"", ""pas examen""]",2,expressions-quebecoises
qc-expression-025,Prêt pour le français québécois?,Expressions québécoises,en masse,expression_match,en masse,,Il y en a en masse.,,Que veut dire l’expression « en masse » dans: « Il y en a en masse. »?,"[""beaucoup / assez"", ""une phrase très formelle"", ""un futur proche"", ""un mot utilisé seulement en France""]",beaucoup / assez,"« en masse » est une expression québécoise familière. Ici, le sens est: beaucoup / assez.",“en masse” is an informal Quebec expression. Here it means: beaucoup / assez.,familier,False,À utiliser seulement à l’oral ou entre personnes à l’aise avec ce registre.,,,,original,,,"[""expression"", ""québécois"", ""oral"", ""pas examen""]",2,expressions-quebecoises
qc-expression-026,Prêt pour le français québécois?,Expressions québécoises,correct,expression_match,correct,,C’est correct.,,Que veut dire l’expression « correct » dans: « C’est correct. »?,"[""ça va / c’est acceptable"", ""une phrase très formelle"", ""un futur proche"", ""un mot utilisé seulement en France""]",ça va / c’est acceptable,"« correct » est une expression québécoise familière. Ici, le sens est: ça va / c’est acceptable.",“correct” is an informal Quebec expression. Here it means: ça va / c’est acceptable.,familier,False,À utiliser seulement à l’oral ou entre personnes à l’aise avec ce registre.,,,,original,,,"[""expression"", ""québécois"", ""oral"", ""pas examen""]",2,expressions-quebecoises
qc-expression-027,Prêt pour le français québécois?,Expressions québécoises,de valeur,expression_match,de valeur,,C’est de valeur.,,Que veut dire l’expression « de valeur » dans: « C’est de valeur. »?,"[""c’est dommage"", ""une phrase très formelle"", ""un futur proche"", ""un mot utilisé seulement en France""]",c’est dommage,"« de valeur » est une expression québécoise familière. Ici, le sens est: c’est dommage.",“de valeur” is an informal Quebec expression. Here it means: c’est dommage.,familier,False,À utiliser seulement à l’oral ou entre personnes à l’aise avec ce registre.,,,,original,,,"[""expression"", ""québécois"", ""oral"", ""pas examen""]",2,expressions-quebecoises
qc-expression-028,Prêt pour le français québécois?,Expressions québécoises,tiguidou,expression_match,tiguidou,,C’est tiguidou.,,Que veut dire l’expression « tiguidou » dans: « C’est tiguidou. »?,"[""tout est correct"", ""une phrase très formelle"", ""un futur proche"", ""un mot utilisé seulement en France""]",tout est correct,"« tiguidou » est une expression québécoise familière. Ici, le sens est: tout est correct.",“tiguidou” is an informal Quebec expression. Here it means: tout est correct.,familier,False,À utiliser seulement à l’oral ou entre personnes à l’aise avec ce registre.,,,,original,,,"[""expression"", ""québécois"", ""oral"", ""pas examen""]",2,expressions-quebecoises
qc-expression-029,Prêt pour le français québécois?,Expressions québécoises,avoir son voyage,expression_match,avoir son voyage,,J’ai mon voyage.,,Que veut dire l’expression « avoir son voyage » dans: « J’ai mon voyage. »?,"[""être dépassé / surpris / découragé"", ""une phrase très formelle"", ""un futur proche"", ""un mot utilisé seulement en France""]",être dépassé / surpris / découragé,"« avoir son voyage » est une expression québécoise familière. Ici, le sens est: être dépassé / surpris / découragé.",“avoir son voyage” is an informal Quebec expression. Here it means: être dépassé / surpris / découragé.,familier,False,À utiliser seulement à l’oral ou entre personnes à l’aise avec ce registre.,,,,original,,,"[""expression"", ""québécois"", ""oral"", ""pas examen""]",2,expressions-quebecoises
qc-expression-030,Prêt pour le français québécois?,Expressions québécoises,tomber sur les nerfs,expression_match,tomber sur les nerfs,,Ça me tombe sur les nerfs.,,Que veut dire l’expression « tomber sur les nerfs » dans: « Ça me tombe sur les nerfs. »?,"[""ça m’irrite"", ""une phrase très formelle"", ""un futur proche"", ""un mot utilisé seulement en France""]",ça m’irrite,"« tomber sur les nerfs » est une expression québécoise familière. Ici, le sens est: ça m’irrite.",“tomber sur les nerfs” is an informal Quebec expression. Here it means: ça m’irrite.,familier,False,À utiliser seulement à l’oral ou entre personnes à l’aise avec ce registre.,,,,original,,,"[""expression"", ""québécois"", ""oral"", ""pas examen""]",2,expressions-quebecoises
qc-standard-vs-parle-001,Prêt pour le français québécois?,Standard vs parlé,Je suis → chu,exam_safe_check,Peux-tu écrire ça dans un examen?,Je suis content.,Chu content.,,Est-ce que tu peux écrire « Chu content. » dans un examen de français?,"[""Oui, c’est du français standard."", ""Non, c’est oral ou familier."", ""Oui, mais seulement dans une lettre officielle."", ""Non, ça veut dire le contraire.""]","Non, c’est oral ou familier.","Cette phrase est compréhensible au Québec à l’oral, mais la version d’examen serait: « Je suis content. ».","This is understandable in spoken Quebec French, but the exam-safe version is: “Je suis content.”.",familier,False,À utiliser seulement à l’oral ou entre personnes à l’aise avec ce registre.,,,,original,,,"[""examen"", ""registre"", ""standard"", ""oral""]",1,standard-vs-parle
qc-standard-vs-parle-002,Prêt pour le français québécois?,Standard vs parlé,Je suis → chu,exam_safe_check,Peux-tu écrire ça dans un examen?,Je suis tanné.,Chu tanné.,,Est-ce que tu peux écrire « Chu tanné. » dans un examen de français?,"[""Oui, c’est du français standard."", ""Non, c’est oral ou familier."", ""Oui, mais seulement dans une lettre officielle."", ""Non, ça veut dire le contraire.""]","Non, c’est oral ou familier.","Cette phrase est compréhensible au Québec à l’oral, mais la version d’examen serait: « Je suis tanné. ».","This is understandable in spoken Quebec French, but the exam-safe version is: “Je suis tanné.”.",familier,False,À utiliser seulement à l’oral ou entre personnes à l’aise avec ce registre.,,,,original,,,"[""examen"", ""registre"", ""standard"", ""oral""]",1,standard-vs-parle
qc-standard-vs-parle-003,Prêt pour le français québécois?,Standard vs parlé,ne disparaît,exam_safe_check,Peux-tu écrire ça dans un examen?,Je ne suis pas certain.,Chus pas certain.,,Est-ce que tu peux écrire « Chus pas certain. » dans un examen de français?,"[""Oui, c’est du français standard."", ""Non, c’est oral ou familier."", ""Oui, mais seulement dans une lettre officielle."", ""Non, ça veut dire le contraire.""]","Non, c’est oral ou familier.","Cette phrase est compréhensible au Québec à l’oral, mais la version d’examen serait: « Je ne suis pas certain. ».","This is understandable in spoken Quebec French, but the exam-safe version is: “Je ne suis pas certain.”.",familier,False,À utiliser seulement à l’oral ou entre personnes à l’aise avec ce registre.,,,,original,,,"[""examen"", ""registre"", ""standard"", ""oral""]",1,standard-vs-parle
qc-standard-vs-parle-004,Prêt pour le français québécois?,Standard vs parlé,je vais → j’vas,exam_safe_check,Peux-tu écrire ça dans un examen?,Je vais revenir plus tard.,J’vas revenir plus tard.,,Est-ce que tu peux écrire « J’vas revenir plus tard. » dans un examen de français?,"[""Oui, c’est du français standard."", ""Non, c’est oral ou familier."", ""Oui, mais seulement dans une lettre officielle."", ""Non, ça veut dire le contraire.""]","Non, c’est oral ou familier.","Cette phrase est compréhensible au Québec à l’oral, mais la version d’examen serait: « Je vais revenir plus tard. ».","This is understandable in spoken Quebec French, but the exam-safe version is: “Je vais revenir plus tard.”.",familier,False,À utiliser seulement à l’oral ou entre personnes à l’aise avec ce registre.,,,,original,,,"[""examen"", ""registre"", ""standard"", ""oral""]",1,standard-vs-parle
qc-standard-vs-parle-005,Prêt pour le français québécois?,Standard vs parlé,je vais → m’a,exam_safe_check,Peux-tu écrire ça dans un examen?,Je vais prendre l’autobus.,M’a prendre le bus.,,Est-ce que tu peux écrire « M’a prendre le bus. » dans un examen de français?,"[""Oui, c’est du français standard."", ""Non, c’est oral ou familier."", ""Oui, mais seulement dans une lettre officielle."", ""Non, ça veut dire le contraire.""]","Non, c’est oral ou familier.","Cette phrase est compréhensible au Québec à l’oral, mais la version d’examen serait: « Je vais prendre l’autobus. ».","This is understandable in spoken Quebec French, but the exam-safe version is: “Je vais prendre l’autobus.”.",familier,False,À utiliser seulement à l’oral ou entre personnes à l’aise avec ce registre.,,,,original,,,"[""examen"", ""registre"", ""standard"", ""oral""]",1,standard-vs-parle
qc-standard-vs-parle-006,Prêt pour le français québécois?,Standard vs parlé,il y a → y’a,exam_safe_check,Peux-tu écrire ça dans un examen?,Il y a une file d’attente.,Y’a une file.,,Est-ce que tu peux écrire « Y’a une file. » dans un examen de français?,"[""Oui, c’est du français standard."", ""Non, c’est oral ou familier."", ""Oui, mais seulement dans une lettre officielle."", ""Non, ça veut dire le contraire.""]","Non, c’est oral ou familier.","Cette phrase est compréhensible au Québec à l’oral, mais la version d’examen serait: « Il y a une file d’attente. ».","This is understandable in spoken Quebec French, but the exam-safe version is: “Il y a une file d’attente.”.",familier,False,À utiliser seulement à l’oral ou entre personnes à l’aise avec ce registre.,,,,original,,,"[""examen"", ""registre"", ""standard"", ""oral""]",1,standard-vs-parle
qc-standard-vs-parle-007,Prêt pour le français québécois?,Standard vs parlé,il faut que → faut que,exam_safe_check,Peux-tu écrire ça dans un examen?,Il faut que je parte.,Faut que j’parte.,,Est-ce que tu peux écrire « Faut que j’parte. » dans un examen de français?,"[""Oui, c’est du français standard."", ""Non, c’est oral ou familier."", ""Oui, mais seulement dans une lettre officielle."", ""Non, ça veut dire le contraire.""]","Non, c’est oral ou familier.","Cette phrase est compréhensible au Québec à l’oral, mais la version d’examen serait: « Il faut que je parte. ».","This is understandable in spoken Quebec French, but the exam-safe version is: “Il faut que je parte.”.",familier,False,À utiliser seulement à l’oral ou entre personnes à l’aise avec ce registre.,,,,original,,,"[""examen"", ""registre"", ""standard"", ""oral""]",1,standard-vs-parle
qc-standard-vs-parle-008,Prêt pour le français québécois?,Standard vs parlé,particule tu interrogative,exam_safe_check,Peux-tu écrire ça dans un examen?,Je veux-tu essayer?,J’veux-tu essayer?,,Est-ce que tu peux écrire « J’veux-tu essayer? » dans un examen de français?,"[""Oui, c’est du français standard."", ""Non, c’est oral ou familier."", ""Oui, mais seulement dans une lettre officielle."", ""Non, ça veut dire le contraire.""]","Non, c’est oral ou familier.","Cette phrase est compréhensible au Québec à l’oral, mais la version d’examen serait: « Je veux-tu essayer? ».","This is understandable in spoken Quebec French, but the exam-safe version is: “Je veux-tu essayer?”.",familier,False,À utiliser seulement à l’oral ou entre personnes à l’aise avec ce registre.,,,,original,,,"[""examen"", ""registre"", ""standard"", ""oral""]",1,standard-vs-parle
qc-standard-vs-parle-009,Prêt pour le français québécois?,Standard vs parlé,particule tu interrogative,exam_safe_check,Peux-tu écrire ça dans un examen?,Tu veux venir?,Tu veux-tu venir?,,Est-ce que tu peux écrire « Tu veux-tu venir? » dans un examen de français?,"[""Oui, c’est du français standard."", ""Non, c’est oral ou familier."", ""Oui, mais seulement dans une lettre officielle."", ""Non, ça veut dire le contraire.""]","Non, c’est oral ou familier.","Cette phrase est compréhensible au Québec à l’oral, mais la version d’examen serait: « Tu veux venir? ».","This is understandable in spoken Quebec French, but the exam-safe version is: “Tu veux venir?”.",familier,False,À utiliser seulement à l’oral ou entre personnes à l’aise avec ce registre.,,,,original,,,"[""examen"", ""registre"", ""standard"", ""oral""]",1,standard-vs-parle
qc-standard-vs-parle-010,Prêt pour le français québécois?,Standard vs parlé,élision orale,exam_safe_check,Peux-tu écrire ça dans un examen?,Je suis dans le métro.,Chu dans l’métro.,,Est-ce que tu peux écrire « Chu dans l’métro. » dans un examen de français?,"[""Oui, c’est du français standard."", ""Non, c’est oral ou familier."", ""Oui, mais seulement dans une lettre officielle."", ""Non, ça veut dire le contraire.""]","Non, c’est oral ou familier.","Cette phrase est compréhensible au Québec à l’oral, mais la version d’examen serait: « Je suis dans le métro. ».","This is understandable in spoken Quebec French, but the exam-safe version is: “Je suis dans le métro.”.",familier,False,À utiliser seulement à l’oral ou entre personnes à l’aise avec ce registre.,,,,original,,,"[""examen"", ""registre"", ""standard"", ""oral""]",1,standard-vs-parle
qc-standard-vs-parle-011,Prêt pour le français québécois?,Standard vs parlé,je vais → j’vas,exam_safe_check,Peux-tu écrire ça dans un examen?,Je vais à Montréal.,J’vas à Montréal.,,Est-ce que tu peux écrire « J’vas à Montréal. » dans un examen de français?,"[""Oui, c’est du français standard."", ""Non, c’est oral ou familier."", ""Oui, mais seulement dans une lettre officielle."", ""Non, ça veut dire le contraire.""]","Non, c’est oral ou familier.","Cette phrase est compréhensible au Québec à l’oral, mais la version d’examen serait: « Je vais à Montréal. ».","This is understandable in spoken Quebec French, but the exam-safe version is: “Je vais à Montréal.”.",familier,False,À utiliser seulement à l’oral ou entre personnes à l’aise avec ce registre.,,,,original,,,"[""examen"", ""registre"", ""standard"", ""oral""]",1,standard-vs-parle
qc-standard-vs-parle-012,Prêt pour le français québécois?,Standard vs parlé,ne disparaît,exam_safe_check,Peux-tu écrire ça dans un examen?,Je n’ai pas compris.,J’ai pas compris.,,Est-ce que tu peux écrire « J’ai pas compris. » dans un examen de français?,"[""Oui, c’est du français standard."", ""Non, c’est oral ou familier."", ""Oui, mais seulement dans une lettre officielle."", ""Non, ça veut dire le contraire.""]","Non, c’est oral ou familier.","Cette phrase est compréhensible au Québec à l’oral, mais la version d’examen serait: « Je n’ai pas compris. ».","This is understandable in spoken Quebec French, but the exam-safe version is: “Je n’ai pas compris.”.",familier,False,À utiliser seulement à l’oral ou entre personnes à l’aise avec ce registre.,,,,original,,,"[""examen"", ""registre"", ""standard"", ""oral""]",1,standard-vs-parle
qc-standard-vs-parle-013,Prêt pour le français québécois?,Standard vs parlé,compression,exam_safe_check,Peux-tu écrire ça dans un examen?,Je suis en retard.,Chu en r’tard.,,Est-ce que tu peux écrire « Chu en r’tard. » dans un examen de français?,"[""Oui, c’est du français standard."", ""Non, c’est oral ou familier."", ""Oui, mais seulement dans une lettre officielle."", ""Non, ça veut dire le contraire.""]","Non, c’est oral ou familier.","Cette phrase est compréhensible au Québec à l’oral, mais la version d’examen serait: « Je suis en retard. ».","This is understandable in spoken Quebec French, but the exam-safe version is: “Je suis en retard.”.",familier,False,À utiliser seulement à l’oral ou entre personnes à l’aise avec ce registre.,,,,original,,,"[""examen"", ""registre"", ""standard"", ""oral""]",1,standard-vs-parle
qc-standard-vs-parle-014,Prêt pour le français québécois?,Standard vs parlé,compression,exam_safe_check,Peux-tu écrire ça dans un examen?,Je regarde la télévision.,J’r’garde la télé.,,Est-ce que tu peux écrire « J’r’garde la télé. » dans un examen de français?,"[""Oui, c’est du français standard."", ""Non, c’est oral ou familier."", ""Oui, mais seulement dans une lettre officielle."", ""Non, ça veut dire le contraire.""]","Non, c’est oral ou familier.","Cette phrase est compréhensible au Québec à l’oral, mais la version d’examen serait: « Je regarde la télévision. ».","This is understandable in spoken Quebec French, but the exam-safe version is: “Je regarde la télévision.”.",familier,False,À utiliser seulement à l’oral ou entre personnes à l’aise avec ce registre.,,,,original,,,"[""examen"", ""registre"", ""standard"", ""oral""]",1,standard-vs-parle
qc-standard-vs-parle-015,Prêt pour le français québécois?,Standard vs parlé,emploi familier,exam_safe_check,Peux-tu écrire ça dans un examen?,Je vais au travail.,J’vas à job.,,Est-ce que tu peux écrire « J’vas à job. » dans un examen de français?,"[""Oui, c’est du français standard."", ""Non, c’est oral ou familier."", ""Oui, mais seulement dans une lettre officielle."", ""Non, ça veut dire le contraire.""]","Non, c’est oral ou familier.","Cette phrase est compréhensible au Québec à l’oral, mais la version d’examen serait: « Je vais au travail. ».","This is understandable in spoken Quebec French, but the exam-safe version is: “Je vais au travail.”.",familier,False,À utiliser seulement à l’oral ou entre personnes à l’aise avec ce registre.,,,,original,,,"[""examen"", ""registre"", ""standard"", ""oral""]",1,standard-vs-parle
qc-standard-vs-parle-016,Prêt pour le français québécois?,Standard vs parlé,chez nous,exam_safe_check,Peux-tu écrire ça dans un examen?,Je suis chez nous.,Chu chez nous.,,Est-ce que tu peux écrire « Chu chez nous. » dans un examen de français?,"[""Oui, c’est du français standard."", ""Non, c’est oral ou familier."", ""Oui, mais seulement dans une lettre officielle."", ""Non, ça veut dire le contraire.""]","Non, c’est oral ou familier.","Cette phrase est compréhensible au Québec à l’oral, mais la version d’examen serait: « Je suis chez nous. ».","This is understandable in spoken Quebec French, but the exam-safe version is: “Je suis chez nous.”.",familier,False,À utiliser seulement à l’oral ou entre personnes à l’aise avec ce registre.,,,,original,,,"[""examen"", ""registre"", ""standard"", ""oral""]",1,standard-vs-parle
qc-standard-vs-parle-017,Prêt pour le français québécois?,Standard vs parlé,je m’en vais,exam_safe_check,Peux-tu écrire ça dans un examen?,Je m’en vais chez nous.,J’m’en va chez nous.,,Est-ce que tu peux écrire « J’m’en va chez nous. » dans un examen de français?,"[""Oui, c’est du français standard."", ""Non, c’est oral ou familier."", ""Oui, mais seulement dans une lettre officielle."", ""Non, ça veut dire le contraire.""]","Non, c’est oral ou familier.","Cette phrase est compréhensible au Québec à l’oral, mais la version d’examen serait: « Je m’en vais chez nous. ».","This is understandable in spoken Quebec French, but the exam-safe version is: “Je m’en vais chez nous.”.",familier,False,À utiliser seulement à l’oral ou entre personnes à l’aise avec ce registre.,,,,original,,,"[""examen"", ""registre"", ""standard"", ""oral""]",1,standard-vs-parle
qc-standard-vs-parle-018,Prêt pour le français québécois?,Standard vs parlé,tu as → t’as,exam_safe_check,Peux-tu écrire ça dans un examen?,Tu as raison.,T’as raison.,,Est-ce que tu peux écrire « T’as raison. » dans un examen de français?,"[""Oui, c’est du français standard."", ""Non, c’est oral ou familier."", ""Oui, mais seulement dans une lettre officielle."", ""Non, ça veut dire le contraire.""]","Non, c’est oral ou familier.","Cette phrase est compréhensible au Québec à l’oral, mais la version d’examen serait: « Tu as raison. ».","This is understandable in spoken Quebec French, but the exam-safe version is: “Tu as raison.”.",familier,False,À utiliser seulement à l’oral ou entre personnes à l’aise avec ce registre.,,,,original,,,"[""examen"", ""registre"", ""standard"", ""oral""]",1,standard-vs-parle
qc-standard-vs-parle-019,Prêt pour le français québécois?,Standard vs parlé,il → y,exam_safe_check,Peux-tu écrire ça dans un examen?,Il est parti.,Y’est parti.,,Est-ce que tu peux écrire « Y’est parti. » dans un examen de français?,"[""Oui, c’est du français standard."", ""Non, c’est oral ou familier."", ""Oui, mais seulement dans une lettre officielle."", ""Non, ça veut dire le contraire.""]","Non, c’est oral ou familier.","Cette phrase est compréhensible au Québec à l’oral, mais la version d’examen serait: « Il est parti. ».","This is understandable in spoken Quebec French, but the exam-safe version is: “Il est parti.”.",familier,False,À utiliser seulement à l’oral ou entre personnes à l’aise avec ce registre.,,,,original,,,"[""examen"", ""registre"", ""standard"", ""oral""]",1,standard-vs-parle
qc-standard-vs-parle-020,Prêt pour le français québécois?,Standard vs parlé,elle → a/l,exam_safe_check,Peux-tu écrire ça dans un examen?,Elle est arrivée.,A l’est arrivée.,,Est-ce que tu peux écrire « A l’est arrivée. » dans un examen de français?,"[""Oui, c’est du français standard."", ""Non, c’est oral ou familier."", ""Oui, mais seulement dans une lettre officielle."", ""Non, ça veut dire le contraire.""]","Non, c’est oral ou familier.","Cette phrase est compréhensible au Québec à l’oral, mais la version d’examen serait: « Elle est arrivée. ».","This is understandable in spoken Quebec French, but the exam-safe version is: “Elle est arrivée.”.",familier,False,À utiliser seulement à l’oral ou entre personnes à l’aise avec ce registre.,,,,original,,,"[""examen"", ""registre"", ""standard"", ""oral""]",1,standard-vs-parle
qc-standard-vs-parle-021,Prêt pour le français québécois?,Standard vs parlé,ils → y,exam_safe_check,Peux-tu écrire ça dans un examen?,Ils sont là.,Y sont là.,,Est-ce que tu peux écrire « Y sont là. » dans un examen de français?,"[""Oui, c’est du français standard."", ""Non, c’est oral ou familier."", ""Oui, mais seulement dans une lettre officielle."", ""Non, ça veut dire le contraire.""]","Non, c’est oral ou familier.","Cette phrase est compréhensible au Québec à l’oral, mais la version d’examen serait: « Ils sont là. ».","This is understandable in spoken Quebec French, but the exam-safe version is: “Ils sont là.”.",familier,False,À utiliser seulement à l’oral ou entre personnes à l’aise avec ce registre.,,,,original,,,"[""examen"", ""registre"", ""standard"", ""oral""]",1,standard-vs-parle
qc-standard-vs-parle-022,Prêt pour le français québécois?,Standard vs parlé,elles → y,exam_safe_check,Peux-tu écrire ça dans un examen?,Elles sont parties.,Y sont parties.,,Est-ce que tu peux écrire « Y sont parties. » dans un examen de français?,"[""Oui, c’est du français standard."", ""Non, c’est oral ou familier."", ""Oui, mais seulement dans une lettre officielle."", ""Non, ça veut dire le contraire.""]","Non, c’est oral ou familier.","Cette phrase est compréhensible au Québec à l’oral, mais la version d’examen serait: « Elles sont parties. ».","This is understandable in spoken Quebec French, but the exam-safe version is: “Elles sont parties.”.",familier,False,À utiliser seulement à l’oral ou entre personnes à l’aise avec ce registre.,,,,original,,,"[""examen"", ""registre"", ""standard"", ""oral""]",1,standard-vs-parle
qc-standard-vs-parle-023,Prêt pour le français québécois?,Standard vs parlé,je suis → chu,exam_safe_check,Peux-tu écrire ça dans un examen?,Je suis capable.,Chu capable.,,Est-ce que tu peux écrire « Chu capable. » dans un examen de français?,"[""Oui, c’est du français standard."", ""Non, c’est oral ou familier."", ""Oui, mais seulement dans une lettre officielle."", ""Non, ça veut dire le contraire.""]","Non, c’est oral ou familier.","Cette phrase est compréhensible au Québec à l’oral, mais la version d’examen serait: « Je suis capable. ».","This is understandable in spoken Quebec French, but the exam-safe version is: “Je suis capable.”.",familier,False,À utiliser seulement à l’oral ou entre personnes à l’aise avec ce registre.,,,,original,,,"[""examen"", ""registre"", ""standard"", ""oral""]",1,standard-vs-parle
qc-standard-vs-parle-024,Prêt pour le français québécois?,Standard vs parlé,plus → pu,exam_safe_check,Peux-tu écrire ça dans un examen?,Je ne veux plus.,J’veux pu.,,Est-ce que tu peux écrire « J’veux pu. » dans un examen de français?,"[""Oui, c’est du français standard."", ""Non, c’est oral ou familier."", ""Oui, mais seulement dans une lettre officielle."", ""Non, ça veut dire le contraire.""]","Non, c’est oral ou familier.","Cette phrase est compréhensible au Québec à l’oral, mais la version d’examen serait: « Je ne veux plus. ».","This is understandable in spoken Quebec French, but the exam-safe version is: “Je ne veux plus.”.",familier,False,À utiliser seulement à l’oral ou entre personnes à l’aise avec ce registre.,,,,original,,,"[""examen"", ""registre"", ""standard"", ""oral""]",1,standard-vs-parle
qc-standard-vs-parle-025,Prêt pour le français québécois?,Standard vs parlé,plus → pu,exam_safe_check,Peux-tu écrire ça dans un examen?,Je n’en ai plus.,J’en ai pu.,,Est-ce que tu peux écrire « J’en ai pu. » dans un examen de français?,"[""Oui, c’est du français standard."", ""Non, c’est oral ou familier."", ""Oui, mais seulement dans une lettre officielle."", ""Non, ça veut dire le contraire.""]","Non, c’est oral ou familier.","Cette phrase est compréhensible au Québec à l’oral, mais la version d’examen serait: « Je n’en ai plus. ».","This is understandable in spoken Quebec French, but the exam-safe version is: “Je n’en ai plus.”.",familier,False,À utiliser seulement à l’oral ou entre personnes à l’aise avec ce registre.,,,,original,,,"[""examen"", ""registre"", ""standard"", ""oral""]",1,standard-vs-parle
qc-sacre-origine-001,Prêt pour le français québécois?,Sacres et intensité,Origines des sacres,culture_quiz,tabarnak,,tabarnak,,De quoi vient surtout le sacre « tabarnak »?,"[""tabernacle"", ""un terme de cuisine"", ""un verbe anglais"", ""une expression de météo""]",tabernacle,« tabarnak » est lié à « tabernacle ». Plusieurs sacres québécois viennent du vocabulaire religieux catholique et ont changé de forme à l’oral.,“tabarnak” is related to “tabernacle.” Many Quebec swear words come from Catholic religious vocabulary and changed in pronunciation.,sacre,False,À utiliser seulement à l’oral ou entre personnes à l’aise avec ce registre.,,,Langage vulgaire ou religieux détourné,original,,,"[""sacre"", ""étymologie"", ""registre"", ""pas examen""]",2,sacres-et-intensite
qc-sacre-origine-002,Prêt pour le français québécois?,Sacres et intensité,Origines des sacres,culture_quiz,câlice / calisse,,câlice / calisse,,De quoi vient surtout le sacre « câlice / calisse »?,"[""calice"", ""un terme de cuisine"", ""un verbe anglais"", ""une expression de météo""]",calice,« câlice / calisse » est lié à « calice ». Plusieurs sacres québécois viennent du vocabulaire religieux catholique et ont changé de forme à l’oral.,“câlice / calisse” is related to “calice.” Many Quebec swear words come from Catholic religious vocabulary and changed in pronunciation.,sacre,False,À utiliser seulement à l’oral ou entre personnes à l’aise avec ce registre.,,,Langage vulgaire ou religieux détourné,original,,,"[""sacre"", ""étymologie"", ""registre"", ""pas examen""]",2,sacres-et-intensite
qc-sacre-origine-003,Prêt pour le français québécois?,Sacres et intensité,Origines des sacres,culture_quiz,ostie / esti / sti,,ostie / esti / sti,,De quoi vient surtout le sacre « ostie / esti / sti »?,"[""hostie"", ""un terme de cuisine"", ""un verbe anglais"", ""une expression de météo""]",hostie,« ostie / esti / sti » est lié à « hostie ». Plusieurs sacres québécois viennent du vocabulaire religieux catholique et ont changé de forme à l’oral.,“ostie / esti / sti” is related to “hostie.” Many Quebec swear words come from Catholic religious vocabulary and changed in pronunciation.,sacre,False,À utiliser seulement à l’oral ou entre personnes à l’aise avec ce registre.,,,Langage vulgaire ou religieux détourné,original,,,"[""sacre"", ""étymologie"", ""registre"", ""pas examen""]",2,sacres-et-intensite
qc-sacre-origine-004,Prêt pour le français québécois?,Sacres et intensité,Origines des sacres,culture_quiz,crisse,,crisse,,De quoi vient surtout le sacre « crisse »?,"[""Christ"", ""un terme de cuisine"", ""un verbe anglais"", ""une expression de météo""]",Christ,« crisse » est lié à « Christ ». Plusieurs sacres québécois viennent du vocabulaire religieux catholique et ont changé de forme à l’oral.,“crisse” is related to “Christ.” Many Quebec swear words come from Catholic religious vocabulary and changed in pronunciation.,sacre,False,À utiliser seulement à l’oral ou entre personnes à l’aise avec ce registre.,,,Langage vulgaire ou religieux détourné,original,,,"[""sacre"", ""étymologie"", ""registre"", ""pas examen""]",2,sacres-et-intensite
qc-sacre-origine-005,Prêt pour le français québécois?,Sacres et intensité,Origines des sacres,culture_quiz,ciboire,,ciboire,,De quoi vient surtout le sacre « ciboire »?,"[""ciboire"", ""un terme de cuisine"", ""un verbe anglais"", ""une expression de météo""]",ciboire,« ciboire » est lié à « ciboire ». Plusieurs sacres québécois viennent du vocabulaire religieux catholique et ont changé de forme à l’oral.,“ciboire” is related to “ciboire.” Many Quebec swear words come from Catholic religious vocabulary and changed in pronunciation.,sacre,False,À utiliser seulement à l’oral ou entre personnes à l’aise avec ce registre.,,,Langage vulgaire ou religieux détourné,original,,,"[""sacre"", ""étymologie"", ""registre"", ""pas examen""]",2,sacres-et-intensite
qc-sacre-origine-006,Prêt pour le français québécois?,Sacres et intensité,Origines des sacres,culture_quiz,calvaire,,calvaire,,De quoi vient surtout le sacre « calvaire »?,"[""calvaire"", ""un terme de cuisine"", ""un verbe anglais"", ""une expression de météo""]",calvaire,« calvaire » est lié à « calvaire ». Plusieurs sacres québécois viennent du vocabulaire religieux catholique et ont changé de forme à l’oral.,“calvaire” is related to “calvaire.” Many Quebec swear words come from Catholic religious vocabulary and changed in pronunciation.,sacre,False,À utiliser seulement à l’oral ou entre personnes à l’aise avec ce registre.,,,Langage vulgaire ou religieux détourné,original,,,"[""sacre"", ""étymologie"", ""registre"", ""pas examen""]",2,sacres-et-intensite
qc-sacre-origine-007,Prêt pour le français québécois?,Sacres et intensité,Origines des sacres,culture_quiz,tabarouette,,tabarouette,,De quoi vient surtout le sacre « tabarouette »?,"[""déformation douce de tabarnak"", ""un terme de cuisine"", ""un verbe anglais"", ""une expression de météo""]",déformation douce de tabarnak,« tabarouette » est lié à « déformation douce de tabarnak ». Plusieurs sacres québécois viennent du vocabulaire religieux catholique et ont changé de forme à l’oral.,“tabarouette” is related to “déformation douce de tabarnak.” Many Quebec swear words come from Catholic religious vocabulary and changed in pronunciation.,familier,False,À utiliser seulement à l’oral ou entre personnes à l’aise avec ce registre.,,,Langage vulgaire ou religieux détourné,original,,,"[""sacre"", ""étymologie"", ""registre"", ""pas examen""]",2,sacres-et-intensite
qc-sacre-origine-008,Prêt pour le français québécois?,Sacres et intensité,Origines des sacres,culture_quiz,cibole,,cibole,,De quoi vient surtout le sacre « cibole »?,"[""déformation douce de ciboire"", ""un terme de cuisine"", ""un verbe anglais"", ""une expression de météo""]",déformation douce de ciboire,« cibole » est lié à « déformation douce de ciboire ». Plusieurs sacres québécois viennent du vocabulaire religieux catholique et ont changé de forme à l’oral.,“cibole” is related to “déformation douce de ciboire.” Many Quebec swear words come from Catholic religious vocabulary and changed in pronunciation.,familier,False,À utiliser seulement à l’oral ou entre personnes à l’aise avec ce registre.,,,Langage vulgaire ou religieux détourné,original,,,"[""sacre"", ""étymologie"", ""registre"", ""pas examen""]",2,sacres-et-intensite
qc-sacre-origine-009,Prêt pour le français québécois?,Sacres et intensité,Origines des sacres,culture_quiz,crime,,crime,,De quoi vient surtout le sacre « crime »?,"[""déformation douce de crisse"", ""un terme de cuisine"", ""un verbe anglais"", ""une expression de météo""]",déformation douce de crisse,« crime » est lié à « déformation douce de crisse ». Plusieurs sacres québécois viennent du vocabulaire religieux catholique et ont changé de forme à l’oral.,“crime” is related to “déformation douce de crisse.” Many Quebec swear words come from Catholic religious vocabulary and changed in pronunciation.,familier,False,À utiliser seulement à l’oral ou entre personnes à l’aise avec ce registre.,,,Langage vulgaire ou religieux détourné,original,,,"[""sacre"", ""étymologie"", ""registre"", ""pas examen""]",2,sacres-et-intensite
qc-sacre-origine-010,Prêt pour le français québécois?,Sacres et intensité,Origines des sacres,culture_quiz,maudit,,maudit,,De quoi vient surtout le sacre « maudit »?,"[""maudit"", ""un terme de cuisine"", ""un verbe anglais"", ""une expression de météo""]",maudit,« maudit » est lié à « maudit ». Plusieurs sacres québécois viennent du vocabulaire religieux catholique et ont changé de forme à l’oral.,“maudit” is related to “maudit.” Many Quebec swear words come from Catholic religious vocabulary and changed in pronunciation.,familier,False,À utiliser seulement à l’oral ou entre personnes à l’aise avec ce registre.,,,Langage vulgaire ou religieux détourné,original,,,"[""sacre"", ""étymologie"", ""registre"", ""pas examen""]",2,sacres-et-intensite
qc-sacre-intonation-001,Prêt pour le français québécois?,Sacres et intensité,Intensité et contexte,meaning_from_context,Comprendre le ton,,"Tabarnak, c’est beau!",,"Dans « Tabarnak, c’est beau! », le sacre exprime surtout quoi?","[""admiration intense"", ""une formule polie"", ""une phrase d’examen"", ""une question de grammaire""]",admiration intense,"Le même sacre peut changer de sens selon le ton, la phrase et le contexte. Ici, il sert surtout à marquer: admiration intense.",The same swear word can change meaning depending on tone and context. Here it mainly expresses: admiration intense.,sacre,False,À utiliser seulement à l’oral ou entre personnes à l’aise avec ce registre.,,,Langage vulgaire,original,,,"[""sacre"", ""intonation"", ""contexte""]",2,sacres-et-intensite
qc-sacre-intonation-002,Prêt pour le français québécois?,Sacres et intensité,Intensité et contexte,meaning_from_context,Comprendre le ton,,"Tabarnak, ça fait mal!",,"Dans « Tabarnak, ça fait mal! », le sacre exprime surtout quoi?","[""douleur"", ""une formule polie"", ""une phrase d’examen"", ""une question de grammaire""]",douleur,"Le même sacre peut changer de sens selon le ton, la phrase et le contexte. Ici, il sert surtout à marquer: douleur.",The same swear word can change meaning depending on tone and context. Here it mainly expresses: douleur.,sacre,False,À utiliser seulement à l’oral ou entre personnes à l’aise avec ce registre.,,,Langage vulgaire,original,,,"[""sacre"", ""intonation"", ""contexte""]",2,sacres-et-intensite
qc-sacre-intonation-003,Prêt pour le français québécois?,Sacres et intensité,Intensité et contexte,meaning_from_context,Comprendre le ton,,"Tabarnak, arrête!",,"Dans « Tabarnak, arrête! », le sacre exprime surtout quoi?","[""colère"", ""une formule polie"", ""une phrase d’examen"", ""une question de grammaire""]",colère,"Le même sacre peut changer de sens selon le ton, la phrase et le contexte. Ici, il sert surtout à marquer: colère.",The same swear word can change meaning depending on tone and context. Here it mainly expresses: colère.,sacre,False,À utiliser seulement à l’oral ou entre personnes à l’aise avec ce registre.,,,Langage vulgaire,original,,,"[""sacre"", ""intonation"", ""contexte""]",2,sacres-et-intensite
qc-sacre-intonation-004,Prêt pour le français québécois?,Sacres et intensité,Intensité et contexte,meaning_from_context,Comprendre le ton,,"Câlice, j’ai oublié mes clés.",,"Dans « Câlice, j’ai oublié mes clés. », le sacre exprime surtout quoi?","[""frustration"", ""une formule polie"", ""une phrase d’examen"", ""une question de grammaire""]",frustration,"Le même sacre peut changer de sens selon le ton, la phrase et le contexte. Ici, il sert surtout à marquer: frustration.",The same swear word can change meaning depending on tone and context. Here it mainly expresses: frustration.,sacre,False,À utiliser seulement à l’oral ou entre personnes à l’aise avec ce registre.,,,Langage vulgaire,original,,,"[""sacre"", ""intonation"", ""contexte""]",2,sacres-et-intensite
qc-sacre-intonation-005,Prêt pour le français québécois?,Sacres et intensité,Intensité et contexte,meaning_from_context,Comprendre le ton,,Ostie que c’est loin.,,"Dans « Ostie que c’est loin. », le sacre exprime surtout quoi?","[""intensité"", ""une formule polie"", ""une phrase d’examen"", ""une question de grammaire""]",intensité,"Le même sacre peut changer de sens selon le ton, la phrase et le contexte. Ici, il sert surtout à marquer: intensité.",The same swear word can change meaning depending on tone and context. Here it mainly expresses: intensité.,sacre,False,À utiliser seulement à l’oral ou entre personnes à l’aise avec ce registre.,,,Langage vulgaire,original,,,"[""sacre"", ""intonation"", ""contexte""]",2,sacres-et-intensite
qc-sacre-intonation-006,Prêt pour le français québécois?,Sacres et intensité,Intensité et contexte,meaning_from_context,Comprendre le ton,,"Ciboire, il neige encore.",,"Dans « Ciboire, il neige encore. », le sacre exprime surtout quoi?","[""surprise ou découragement"", ""une formule polie"", ""une phrase d’examen"", ""une question de grammaire""]",surprise ou découragement,"Le même sacre peut changer de sens selon le ton, la phrase et le contexte. Ici, il sert surtout à marquer: surprise ou découragement.",The same swear word can change meaning depending on tone and context. Here it mainly expresses: surprise ou découragement.,sacre,False,À utiliser seulement à l’oral ou entre personnes à l’aise avec ce registre.,,,Langage vulgaire,original,,,"[""sacre"", ""intonation"", ""contexte""]",2,sacres-et-intensite
qc-sacre-intonation-007,Prêt pour le français québécois?,Sacres et intensité,Intensité et contexte,meaning_from_context,Comprendre le ton,,Crime que c’est bon.,,"Dans « Crime que c’est bon. », le sacre exprime surtout quoi?","[""intensité douce"", ""une formule polie"", ""une phrase d’examen"", ""une question de grammaire""]",intensité douce,"Le même sacre peut changer de sens selon le ton, la phrase et le contexte. Ici, il sert surtout à marquer: intensité douce.",The same swear word can change meaning depending on tone and context. Here it mainly expresses: intensité douce.,sacre,False,À utiliser seulement à l’oral ou entre personnes à l’aise avec ce registre.,,,Langage vulgaire,original,,,"[""sacre"", ""intonation"", ""contexte""]",2,sacres-et-intensite
qc-sacre-intonation-008,Prêt pour le français québécois?,Sacres et intensité,Intensité et contexte,meaning_from_context,Comprendre le ton,,"Tabarouette, j’ai eu peur.",,"Dans « Tabarouette, j’ai eu peur. », le sacre exprime surtout quoi?","[""surprise atténuée"", ""une formule polie"", ""une phrase d’examen"", ""une question de grammaire""]",surprise atténuée,"Le même sacre peut changer de sens selon le ton, la phrase et le contexte. Ici, il sert surtout à marquer: surprise atténuée.",The same swear word can change meaning depending on tone and context. Here it mainly expresses: surprise atténuée.,sacre,False,À utiliser seulement à l’oral ou entre personnes à l’aise avec ce registre.,,,Langage vulgaire,original,,,"[""sacre"", ""intonation"", ""contexte""]",2,sacres-et-intensite
qc-sacre-intonation-009,Prêt pour le français québécois?,Sacres et intensité,Intensité et contexte,meaning_from_context,Comprendre le ton,,"Calvaire, c’est compliqué.",,"Dans « Calvaire, c’est compliqué. », le sacre exprime surtout quoi?","[""frustration"", ""une formule polie"", ""une phrase d’examen"", ""une question de grammaire""]",frustration,"Le même sacre peut changer de sens selon le ton, la phrase et le contexte. Ici, il sert surtout à marquer: frustration.",The same swear word can change meaning depending on tone and context. Here it mainly expresses: frustration.,sacre,False,À utiliser seulement à l’oral ou entre personnes à l’aise avec ce registre.,,,Langage vulgaire,original,,,"[""sacre"", ""intonation"", ""contexte""]",2,sacres-et-intensite
qc-sacre-intonation-010,Prêt pour le français québécois?,Sacres et intensité,Intensité et contexte,meaning_from_context,Comprendre le ton,,Crissement bon.,,"Dans « Crissement bon. », le sacre exprime surtout quoi?","[""très bon, mais vulgaire"", ""une formule polie"", ""une phrase d’examen"", ""une question de grammaire""]","très bon, mais vulgaire","Le même sacre peut changer de sens selon le ton, la phrase et le contexte. Ici, il sert surtout à marquer: très bon, mais vulgaire.","The same swear word can change meaning depending on tone and context. Here it mainly expresses: très bon, mais vulgaire.",sacre,False,À utiliser seulement à l’oral ou entre personnes à l’aise avec ce registre.,,,Langage vulgaire,original,,,"[""sacre"", ""intonation"", ""contexte""]",2,sacres-et-intensite
qc-phonetique-dictee-001,Prêt pour le français québécois?,Québec parlé,Dictées phonétiques,visual_dictee,Dictée visuelle québécoise,Je m’en vais au dépanneur.,J’m’en va au dep.,,Écris cette phrase en français standard: « J’m’en va au dep. »,"[""Je m’en vais au dépanneur."", ""J’m’en va au dep."", ""Je vais manger une pomme."", ""Il fait froid demain.""]",Je m’en vais au dépanneur.,La forme orale « J’m’en va au dep. » correspond à la forme plus standard « Je m’en vais au dépanneur. ».,The spoken form “J’m’en va au dep.” corresponds to the standard form “Je m’en vais au dépanneur.”.,familier,False,À utiliser seulement à l’oral ou entre personnes à l’aise avec ce registre.,,,,original,,,"[""dictée"", ""phonétique"", ""standardisation""]",2,quebec-parle
qc-phonetique-dictee-002,Prêt pour le français québécois?,Québec parlé,Dictées phonétiques,visual_dictee,Dictée visuelle québécoise,Je suis tanné.,Chu tanné.,,Écris cette phrase en français standard: « Chu tanné. »,"[""Je suis tanné."", ""Chu tanné."", ""Je vais manger une pomme."", ""Il fait froid demain.""]",Je suis tanné.,La forme orale « Chu tanné. » correspond à la forme plus standard « Je suis tanné. ».,The spoken form “Chu tanné.” corresponds to the standard form “Je suis tanné.”.,familier,False,À utiliser seulement à l’oral ou entre personnes à l’aise avec ce registre.,,,,original,,,"[""dictée"", ""phonétique"", ""standardisation""]",2,quebec-parle
qc-phonetique-dictee-003,Prêt pour le français québécois?,Québec parlé,Dictées phonétiques,visual_dictee,Dictée visuelle québécoise,Il y a beaucoup de monde ici.,Y’a ben du monde icitte.,,Écris cette phrase en français standard: « Y’a ben du monde icitte. »,"[""Il y a beaucoup de monde ici."", ""Y’a ben du monde icitte."", ""Je vais manger une pomme."", ""Il fait froid demain.""]",Il y a beaucoup de monde ici.,La forme orale « Y’a ben du monde icitte. » correspond à la forme plus standard « Il y a beaucoup de monde ici. ».,The spoken form “Y’a ben du monde icitte.” corresponds to the standard form “Il y a beaucoup de monde ici.”.,familier,False,À utiliser seulement à l’oral ou entre personnes à l’aise avec ce registre.,,,,original,,,"[""dictée"", ""phonétique"", ""standardisation""]",2,quebec-parle
qc-phonetique-dictee-004,Prêt pour le français québécois?,Québec parlé,Dictées phonétiques,visual_dictee,Dictée visuelle québécoise,Je ne sais pas du tout.,J’sais pas pantoute.,,Écris cette phrase en français standard: « J’sais pas pantoute. »,"[""Je ne sais pas du tout."", ""J’sais pas pantoute."", ""Je vais manger une pomme."", ""Il fait froid demain.""]",Je ne sais pas du tout.,La forme orale « J’sais pas pantoute. » correspond à la forme plus standard « Je ne sais pas du tout. ».,The spoken form “J’sais pas pantoute.” corresponds to the standard form “Je ne sais pas du tout.”.,familier,False,À utiliser seulement à l’oral ou entre personnes à l’aise avec ce registre.,,,,original,,,"[""dictée"", ""phonétique"", ""standardisation""]",2,quebec-parle
qc-phonetique-dictee-005,Prêt pour le français québécois?,Québec parlé,Dictées phonétiques,visual_dictee,Dictée visuelle québécoise,Je vais revenir plus tard.,M’a revenir tantôt.,,Écris cette phrase en français standard: « M’a revenir tantôt. »,"[""Je vais revenir plus tard."", ""M’a revenir tantôt."", ""Je vais manger une pomme."", ""Il fait froid demain.""]",Je vais revenir plus tard.,La forme orale « M’a revenir tantôt. » correspond à la forme plus standard « Je vais revenir plus tard. ».,The spoken form “M’a revenir tantôt.” corresponds to the standard form “Je vais revenir plus tard.”.,familier,False,À utiliser seulement à l’oral ou entre personnes à l’aise avec ce registre.,,,,original,,,"[""dictée"", ""phonétique"", ""standardisation""]",2,quebec-parle
qc-phonetique-dictee-006,Prêt pour le français québécois?,Québec parlé,Dictées phonétiques,visual_dictee,Dictée visuelle québécoise,Il faut que je parte.,Faut que j’parte.,,Écris cette phrase en français standard: « Faut que j’parte. »,"[""Il faut que je parte."", ""Faut que j’parte."", ""Je vais manger une pomme."", ""Il fait froid demain.""]",Il faut que je parte.,La forme orale « Faut que j’parte. » correspond à la forme plus standard « Il faut que je parte. ».,The spoken form “Faut que j’parte.” corresponds to the standard form “Il faut que je parte.”.,familier,False,À utiliser seulement à l’oral ou entre personnes à l’aise avec ce registre.,,,,original,,,"[""dictée"", ""phonétique"", ""standardisation""]",2,quebec-parle
qc-phonetique-dictee-007,Prêt pour le français québécois?,Québec parlé,Dictées phonétiques,visual_dictee,Dictée visuelle québécoise,Est-ce que tu as vu ça?,T’as-tu vu ça?,,Écris cette phrase en français standard: « T’as-tu vu ça? »,"[""Est-ce que tu as vu ça?"", ""T’as-tu vu ça?"", ""Je vais manger une pomme."", ""Il fait froid demain.""]",Est-ce que tu as vu ça?,La forme orale « T’as-tu vu ça? » correspond à la forme plus standard « Est-ce que tu as vu ça? ».,The spoken form “T’as-tu vu ça?” corresponds to the standard form “Est-ce que tu as vu ça?”.,familier,False,À utiliser seulement à l’oral ou entre personnes à l’aise avec ce registre.,,,,original,,,"[""dictée"", ""phonétique"", ""standardisation""]",2,quebec-parle
qc-phonetique-dictee-008,Prêt pour le français québécois?,Québec parlé,Dictées phonétiques,visual_dictee,Dictée visuelle québécoise,Est-ce que c’est correct?,C’est-tu correct?,,Écris cette phrase en français standard: « C’est-tu correct? »,"[""Est-ce que c’est correct?"", ""C’est-tu correct?"", ""Je vais manger une pomme."", ""Il fait froid demain.""]",Est-ce que c’est correct?,La forme orale « C’est-tu correct? » correspond à la forme plus standard « Est-ce que c’est correct? ».,The spoken form “C’est-tu correct?” corresponds to the standard form “Est-ce que c’est correct?”.,familier,False,À utiliser seulement à l’oral ou entre personnes à l’aise avec ce registre.,,,,original,,,"[""dictée"", ""phonétique"", ""standardisation""]",2,quebec-parle
qc-phonetique-dictee-009,Prêt pour le français québécois?,Québec parlé,Dictées phonétiques,visual_dictee,Dictée visuelle québécoise,Je n’ai plus d’argent.,J’ai pu d’argent.,,Écris cette phrase en français standard: « J’ai pu d’argent. »,"[""Je n’ai plus d’argent."", ""J’ai pu d’argent."", ""Je vais manger une pomme."", ""Il fait froid demain.""]",Je n’ai plus d’argent.,La forme orale « J’ai pu d’argent. » correspond à la forme plus standard « Je n’ai plus d’argent. ».,The spoken form “J’ai pu d’argent.” corresponds to the standard form “Je n’ai plus d’argent.”.,familier,False,À utiliser seulement à l’oral ou entre personnes à l’aise avec ce registre.,,,,original,,,"[""dictée"", ""phonétique"", ""standardisation""]",2,quebec-parle
qc-phonetique-dictee-010,Prêt pour le français québécois?,Québec parlé,Dictées phonétiques,visual_dictee,Dictée visuelle québécoise,Je ne veux rien savoir.,J’veux rien savoir.,,Écris cette phrase en français standard: « J’veux rien savoir. »,"[""Je ne veux rien savoir."", ""J’veux rien savoir."", ""Je vais manger une pomme."", ""Il fait froid demain.""]",Je ne veux rien savoir.,La forme orale « J’veux rien savoir. » correspond à la forme plus standard « Je ne veux rien savoir. ».,The spoken form “J’veux rien savoir.” corresponds to the standard form “Je ne veux rien savoir.”.,familier,False,À utiliser seulement à l’oral ou entre personnes à l’aise avec ce registre.,,,,original,,,"[""dictée"", ""phonétique"", ""standardisation""]",2,quebec-parle
qc-phonetique-dictee-011,Prêt pour le français québécois?,Québec parlé,Dictées phonétiques,visual_dictee,Dictée visuelle québécoise,Elle est partie.,A l’est partie.,,Écris cette phrase en français standard: « A l’est partie. »,"[""Elle est partie."", ""A l’est partie."", ""Je vais manger une pomme."", ""Il fait froid demain.""]",Elle est partie.,La forme orale « A l’est partie. » correspond à la forme plus standard « Elle est partie. ».,The spoken form “A l’est partie.” corresponds to the standard form “Elle est partie.”.,familier,False,À utiliser seulement à l’oral ou entre personnes à l’aise avec ce registre.,,,,original,,,"[""dictée"", ""phonétique"", ""standardisation""]",2,quebec-parle
qc-phonetique-dictee-012,Prêt pour le français québécois?,Québec parlé,Dictées phonétiques,visual_dictee,Dictée visuelle québécoise,Ils sont arrivés.,Y sont arrivés.,,Écris cette phrase en français standard: « Y sont arrivés. »,"[""Ils sont arrivés."", ""Y sont arrivés."", ""Je vais manger une pomme."", ""Il fait froid demain.""]",Ils sont arrivés.,La forme orale « Y sont arrivés. » correspond à la forme plus standard « Ils sont arrivés. ».,The spoken form “Y sont arrivés.” corresponds to the standard form “Ils sont arrivés.”.,familier,False,À utiliser seulement à l’oral ou entre personnes à l’aise avec ce registre.,,,,original,,,"[""dictée"", ""phonétique"", ""standardisation""]",2,quebec-parle
qc-phonetique-dictee-013,Prêt pour le français québécois?,Québec parlé,Dictées phonétiques,visual_dictee,Dictée visuelle québécoise,Est-ce qu’on va y aller?,On va-tu y aller?,,Écris cette phrase en français standard: « On va-tu y aller? »,"[""Est-ce qu’on va y aller?"", ""On va-tu y aller?"", ""Je vais manger une pomme."", ""Il fait froid demain.""]",Est-ce qu’on va y aller?,La forme orale « On va-tu y aller? » correspond à la forme plus standard « Est-ce qu’on va y aller? ».,The spoken form “On va-tu y aller?” corresponds to the standard form “Est-ce qu’on va y aller?”.,familier,False,À utiliser seulement à l’oral ou entre personnes à l’aise avec ce registre.,,,,original,,,"[""dictée"", ""phonétique"", ""standardisation""]",2,quebec-parle
qc-phonetique-dictee-014,Prêt pour le français québécois?,Québec parlé,Dictées phonétiques,visual_dictee,Dictée visuelle québécoise,Est-ce que je peux essayer?,J’peux-tu essayer?,,Écris cette phrase en français standard: « J’peux-tu essayer? »,"[""Est-ce que je peux essayer?"", ""J’peux-tu essayer?"", ""Je vais manger une pomme."", ""Il fait froid demain.""]",Est-ce que je peux essayer?,La forme orale « J’peux-tu essayer? » correspond à la forme plus standard « Est-ce que je peux essayer? ».,The spoken form “J’peux-tu essayer?” corresponds to the standard form “Est-ce que je peux essayer?”.,familier,False,À utiliser seulement à l’oral ou entre personnes à l’aise avec ce registre.,,,,original,,,"[""dictée"", ""phonétique"", ""standardisation""]",2,quebec-parle
qc-phonetique-dictee-015,Prêt pour le français québécois?,Québec parlé,Dictées phonétiques,visual_dictee,Dictée visuelle québécoise,Tu es très gentil.,T’es ben fin.,,Écris cette phrase en français standard: « T’es ben fin. »,"[""Tu es très gentil."", ""T’es ben fin."", ""Je vais manger une pomme."", ""Il fait froid demain.""]",Tu es très gentil.,La forme orale « T’es ben fin. » correspond à la forme plus standard « Tu es très gentil. ».,The spoken form “T’es ben fin.” corresponds to the standard form “Tu es très gentil.”.,familier,False,À utiliser seulement à l’oral ou entre personnes à l’aise avec ce registre.,,,,original,,,"[""dictée"", ""phonétique"", ""standardisation""]",2,quebec-parle
qc-culture-card-001,Prêt pour le français québécois?,Culture comique et archives,Films cultes / personnage,culture_card,Elvis Gratton,,,,Pourquoi « Elvis Gratton » peut être utile dans une section de culture québécoise?,"[""Parce que c’est une référence culturelle ou linguistique à contextualiser."", ""Parce que c’est du français d’examen."", ""Parce que ça remplace les règles de grammaire."", ""Parce que c’est obligatoire pour immigrer.""]",Parce que c’est une référence culturelle ou linguistique à contextualiser.,"Personnage satirique associé à l’identité, au nationalisme, à l’américanisation et à une certaine caricature québécoise. Cette carte doit afficher un lien externe, le crédit, le contexte et une note de registre.","This is a culture card. It should show an external link, credit, context, and register note.",culture,False,À utiliser seulement à l’oral ou entre personnes à l’aise avec ce registre.,"Personnage satirique associé à l’identité, au nationalisme, à l’américanisation et à une certaine caricature québécoise.",Créateur/source: Pierre Falardeau et Julien Poulin,,external_link,https://www.youtube.com/watch?v=6RQUk-G8XF4,"Lien YouTube externe: maprofdefrançais, « Elvis Gratton: 8 répliques marquantes ». À créditer selon la page source.","[""culture"", ""archive"", ""lien externe"", ""crédit""]",3,culture-comique-et-archives
qc-culture-card-002,Prêt pour le français québécois?,Culture comique et archives,Groupe humoristique,culture_card,RBO,,,,Pourquoi « RBO » peut être utile dans une section de culture québécoise?,"[""Parce que c’est une référence culturelle ou linguistique à contextualiser."", ""Parce que c’est du français d’examen."", ""Parce que ça remplace les règles de grammaire."", ""Parce que c’est obligatoire pour immigrer.""]",Parce que c’est une référence culturelle ou linguistique à contextualiser.,"Groupe majeur de l’humour québécois des années 1980-1990, connu pour la satire, la parodie et des répliques très citées. Cette carte doit afficher un lien externe, le crédit, le contexte et une note de registre.","This is a culture card. It should show an external link, credit, context, and register note.",culture,False,À utiliser seulement à l’oral ou entre personnes à l’aise avec ce registre.,"Groupe majeur de l’humour québécois des années 1980-1990, connu pour la satire, la parodie et des répliques très citées.",Créateur/source: Rock et Belles Oreilles,,external_link,https://www.youtube.com/watch?v=rUeHzgAvXxo,"Chaîne officielle RBO, lien YouTube externe.","[""culture"", ""archive"", ""lien externe"", ""crédit""]",3,culture-comique-et-archives
qc-culture-card-003,Prêt pour le français québécois?,Culture comique et archives,Série parodique,culture_card,Le Cœur a ses raisons,,,,Pourquoi « Le Cœur a ses raisons » peut être utile dans une section de culture québécoise?,"[""Parce que c’est une référence culturelle ou linguistique à contextualiser."", ""Parce que c’est du français d’examen."", ""Parce que ça remplace les règles de grammaire."", ""Parce que c’est obligatoire pour immigrer.""]",Parce que c’est une référence culturelle ou linguistique à contextualiser.,"Parodie de soap opera, langage exagéré, jeu dramatique volontairement absurde. Cette carte doit afficher un lien externe, le crédit, le contexte et une note de registre.","This is a culture card. It should show an external link, credit, context, and register note.",culture,False,À utiliser seulement à l’oral ou entre personnes à l’aise avec ce registre.,"Parodie de soap opera, langage exagéré, jeu dramatique volontairement absurde.",Créateur/source: Marc Brunet / Zone3 / TVA,,external_link,https://guide.qfq.com/prod%3D9481,"Guide Qui fait Quoi, fiche de production.","[""culture"", ""archive"", ""lien externe"", ""crédit""]",3,culture-comique-et-archives
qc-culture-card-004,Prêt pour le français québécois?,Culture comique et archives,Télé satirique,culture_card,La fin du monde est à sept heures,,,,Pourquoi « La fin du monde est à sept heures » peut être utile dans une section de culture québécoise?,"[""Parce que c’est une référence culturelle ou linguistique à contextualiser."", ""Parce que c’est du français d’examen."", ""Parce que ça remplace les règles de grammaire."", ""Parce que c’est obligatoire pour immigrer.""]",Parce que c’est une référence culturelle ou linguistique à contextualiser.,"Émission de faux bulletin / satire qui a contribué à une culture d’humour télévisuel très québécoise. Cette carte doit afficher un lien externe, le crédit, le contexte et une note de registre.","This is a culture card. It should show an external link, credit, context, and register note.",culture,False,À utiliser seulement à l’oral ou entre personnes à l’aise avec ce registre.,Émission de faux bulletin / satire qui a contribué à une culture d’humour télévisuel très québécoise.,Créateur/source: Stéphane Laporte / TQS,,external_link,https://guidedev.qfq.com/prod%3D3218,"Guide Qui fait Quoi, fiche de production.","[""culture"", ""archive"", ""lien externe"", ""crédit""]",3,culture-comique-et-archives
qc-culture-card-005,Prêt pour le français québécois?,Culture comique et archives,Groupe et émission,culture_card,Bleu Poudre / 100 Limite,,,,Pourquoi « Bleu Poudre / 100 Limite » peut être utile dans une section de culture québécoise?,"[""Parce que c’est une référence culturelle ou linguistique à contextualiser."", ""Parce que c’est du français d’examen."", ""Parce que ça remplace les règles de grammaire."", ""Parce que c’est obligatoire pour immigrer.""]",Parce que c’est une référence culturelle ou linguistique à contextualiser.,"Humour télévisuel absurde et politique, très lié à l’époque TQS et aux faux bulletins. Cette carte doit afficher un lien externe, le crédit, le contexte et une note de registre.","This is a culture card. It should show an external link, credit, context, and register note.",culture,False,À utiliser seulement à l’oral ou entre personnes à l’aise avec ce registre.,"Humour télévisuel absurde et politique, très lié à l’époque TQS et aux faux bulletins.",Créateur/source: Les Bleu Poudre,,external_link,https://www.journaldequebec.com/2016/07/09/itaquinos-la-planete-i-taquiner-sans-limites,"Article Journal de Québec, source à vérifier si URL change.","[""culture"", ""archive"", ""lien externe"", ""crédit""]",3,culture-comique-et-archives
qc-culture-card-006,Prêt pour le français québécois?,Culture comique et archives,Vidéo virale québécoise,culture_card,Bonne fête Kevin,,,,Pourquoi « Bonne fête Kevin » peut être utile dans une section de culture québécoise?,"[""Parce que c’est une référence culturelle ou linguistique à contextualiser."", ""Parce que c’est du français d’examen."", ""Parce que ça remplace les règles de grammaire."", ""Parce que c’est obligatoire pour immigrer.""]",Parce que c’est une référence culturelle ou linguistique à contextualiser.,"Vidéo virale publiée sur YouTube en 2008, devenue un classique de la culture web québécoise. Cette carte doit afficher un lien externe, le crédit, le contexte et une note de registre.","This is a culture card. It should show an external link, credit, context, and register note.",meme,False,À utiliser seulement à l’oral ou entre personnes à l’aise avec ce registre.,"Vidéo virale publiée sur YouTube en 2008, devenue un classique de la culture web québécoise.",Créateur/source: Un mot pour Kevin,,external_link,https://knowyourmeme.com/memes/un-mot-pour-kevin-a-word-for-kevin,"Know Your Meme, fiche explicative; trouver lien YouTube exact séparément.","[""culture"", ""archive"", ""lien externe"", ""crédit""]",3,culture-comique-et-archives
qc-culture-card-007,Prêt pour le français québécois?,Culture comique et archives,Mème / reportage,culture_card,J’ai l’doua,,,,Pourquoi « J’ai l’doua » peut être utile dans une section de culture québécoise?,"[""Parce que c’est une référence culturelle ou linguistique à contextualiser."", ""Parce que c’est du français d’examen."", ""Parce que ça remplace les règles de grammaire."", ""Parce que c’est obligatoire pour immigrer.""]",Parce que c’est une référence culturelle ou linguistique à contextualiser.,"Réplique devenue virale après une entrevue liée à un remblai illégal; utile pour parler de droit, registre et accent. Cette carte doit afficher un lien externe, le crédit, le contexte et une note de registre.","This is a culture card. It should show an external link, credit, context, and register note.",meme,False,À utiliser seulement à l’oral ou entre personnes à l’aise avec ce registre.,"Réplique devenue virale après une entrevue liée à un remblai illégal; utile pour parler de droit, registre et accent.",Créateur/source: Marc McDermott,,external_link,https://www.qub.ca/video/dutrineau-1132199984,"QUB, lien externe à créditer; vérifier accessibilité.","[""culture"", ""archive"", ""lien externe"", ""crédit""]",3,culture-comique-et-archives
qc-culture-card-008,Prêt pour le français québécois?,Culture comique et archives,Mème / entrevue télé,culture_card,Yolande Ouellet et les p’tits bums,,,,Pourquoi « Yolande Ouellet et les p’tits bums » peut être utile dans une section de culture québécoise?,"[""Parce que c’est une référence culturelle ou linguistique à contextualiser."", ""Parce que c’est du français d’examen."", ""Parce que ça remplace les règles de grammaire."", ""Parce que c’est obligatoire pour immigrer.""]",Parce que c’est une référence culturelle ou linguistique à contextualiser.,"Phrase devenue virale à partir d’une entrevue en contexte de rage au volant, souvent citée dans la culture web québécoise. Cette carte doit afficher un lien externe, le crédit, le contexte et une note de registre.","This is a culture card. It should show an external link, credit, context, and register note.",meme,False,À utiliser seulement à l’oral ou entre personnes à l’aise avec ce registre.,"Phrase devenue virale à partir d’une entrevue en contexte de rage au volant, souvent citée dans la culture web québécoise.",Créateur/source: TVA Nouvelles / Yolande Ouellet,,external_link,https://knowyourmeme.com/memes/ou-est-ce-quil-est-le-ptit-bum-yolande-ouellet,"Know Your Meme, fiche explicative; créditer source originale si utilisée.","[""culture"", ""archive"", ""lien externe"", ""crédit""]",3,culture-comique-et-archives
qc-culture-card-009,Prêt pour le français québécois?,Culture comique et archives,Vidéo virale,culture_card,Mon hélice,,,,Pourquoi « Mon hélice » peut être utile dans une section de culture québécoise?,"[""Parce que c’est une référence culturelle ou linguistique à contextualiser."", ""Parce que c’est du français d’examen."", ""Parce que ça remplace les règles de grammaire."", ""Parce que c’est obligatoire pour immigrer.""]",Parce que c’est une référence culturelle ou linguistique à contextualiser.,"Vidéo souvent citée dans les listes de vidéos virales québécoises, avec accident, alcool et absurdité domestique. Cette carte doit afficher un lien externe, le crédit, le contexte et une note de registre.","This is a culture card. It should show an external link, credit, context, and register note.",meme,False,À utiliser seulement à l’oral ou entre personnes à l’aise avec ce registre.,"Vidéo souvent citée dans les listes de vidéos virales québécoises, avec accident, alcool et absurdité domestique.",Créateur/source: Source amateure à confirmer,,external_link,https://www.journaldequebec.com/2015/04/24/les-videos-youtube-qui-ont-marque-les-personnalites-du-web-quebecois,"Journal de Québec, contexte des vidéos virales; lien vidéo exact à ajouter.","[""culture"", ""archive"", ""lien externe"", ""crédit""]",3,culture-comique-et-archives
qc-culture-card-010,Prêt pour le français québécois?,Culture comique et archives,Liste de repérage,culture_card,Archives et memes québécois,,,,Pourquoi « Archives et memes québécois » peut être utile dans une section de culture québécoise?,"[""Parce que c’est une référence culturelle ou linguistique à contextualiser."", ""Parce que c’est du français d’examen."", ""Parce que ça remplace les règles de grammaire."", ""Parce que c’est obligatoire pour immigrer.""]",Parce que c’est une référence culturelle ou linguistique à contextualiser.,"Point de départ pour trouver des classiques comme Bonne fête Kevin, J’ai l’doua, Yolande Ouellet, Mon père est riche, etc. Cette carte doit afficher un lien externe, le crédit, le contexte et une note de registre.","This is a culture card. It should show an external link, credit, context, and register note.",meme,False,À utiliser seulement à l’oral ou entre personnes à l’aise avec ce registre.,"Point de départ pour trouver des classiques comme Bonne fête Kevin, J’ai l’doua, Yolande Ouellet, Mon père est riche, etc.",Créateur/source: Plusieurs sources,,external_link,https://knowyourmeme.com/memes/cultures/list-of-quebecer-memes,"Know Your Meme, liste de repérage, à vérifier item par item.","[""culture"", ""archive"", ""lien externe"", ""crédit""]",3,culture-comique-et-archives
qc-ceinture-flechee-final-exam-spec,Prêt pour le français québécois?,Ceinture fléchée,Examen final,final_exam_spec,Examen final de la Ceinture fléchée,,,,"Examen mixte: Québec parlé, expressions, sacres, standard vs parlé, culture comique, archives et memes.",[],,"Format recommandé: 50 questions. Réussite à 70 %, ceinture officielle à 85 %, ceinture légendaire à 100 %. Ce test ne compte pas comme français d’examen.","Recommended format: 50 questions. Passing at 70%, official belt at 85%, legendary belt at 100%. This is not exam French.",meme,False,À utiliser seulement à l’oral ou entre personnes à l’aise avec ce registre.,,,,original,,,"[""ceinture fléchée"", ""final"", ""bonus québec""]",4,ceinture-flechee
